Workbook

Sheet Read Me
A1: SHOULDER ASSESSMENT & MANAGEMENT PROGRAMME
A2: Screen → clear the neck → pain, stiffness or instability? → cluster → load by irritability → discharge on capacity and control.
A4: SHEET | B4: WHAT IT DOES | C4: WHEN TO USE IT | D4: SOURCE
A5: Master Matrix | B5: 40 conditions built on your diagnostics algorithm's exact column structure (Region → Activity Level → Symptoms → Age → Onset → Predominance → Condition → High-Yield Question → Special Test + Imaging → Biomechanical Cause → Desired Activity Goal → Physiotherapy Specific Exercise), then extended with pain mechanism, classification, red-flag status, management emphasis, loading dose, biomechanical corrections, adjuncts, advanced options, outcomes, markers, timeline and referral triggers. | C5: The core reference. Filter column A by region or column O by red-flag status. | D5: Your algorithm (27 rows) + Course Manual (13 added)
A6: Rx Generator | B6: Pick a condition from the dropdown and the full prescription is pulled live from the Master Matrix. | C6: In clinic, or to print a plan into the patient file. | D6: Live INDEX/MATCH
A7: Assessment Roadmap | B7: The manual's five-gate sequence, built around the pain / stiffness / instability triage at Gate 3. | C7: Every new patient, in order. | D7: Course Manual Module 9
A8: Subjective Exam | B8: Fillable history template with the manual's screening questions built in. | C8: First consultation. | D8: Module 4
A9: Objective Exam | B9: Fillable examination template: observation, palpation map, range, cuff strength, scapula, instability, cervical screen. | C9: First consultation and every re-assessment. | D9: Module 5
A10: Special Tests | B10: 30 tests with what a positive means and how much weight to give it. | C10: During the physical examination. | D10: Module 6
A11: Clusters & Classification | B11: The three clusters, the one-line differentiators, and the RCRSP umbrella, Stanmore poles, frozen-shoulder stages and tendinopathy continuum. | C11: When the picture is not yet clear, and when choosing a management pathway. | D11: Modules 6 and 7
A12: Imaging Guide | B12: When to image, which modality answers which question, and the interpretation traps. | C12: Before requesting or when reading a report. | D12: Module 8
A13: Phased Programme | B13: Phase 0-4 with goals, content, markers and exit criteria, plus the master treatment sequence. | C13: Building and progressing every plan. | D13: Modules 11 and 15
A14: Exercise & Dosage | B14: Loading library with dose and indication, including motor-control retraining for Polar III. | C14: Writing the actual programme. | D14: Module 11 and Appendix B
A15: Adjuncts & Advanced | B15: Education, manual therapy, taping, ESWT, barbotage, hydrodilatation, injection and surgery, with the sequencing rule. | C15: When loading alone is not enough. | D15: Modules 12 and 13
... A24: References | B24: Guideline and trial sources. | C24: Verifying or citing. | D24: Manual reference list
A26: WHAT CHANGED IN THIS UPDATE
A27: • YOUR ALGORITHM IS THE SPINE. The Master Matrix keeps your 27 conditions in your original order and column structure. The two columns you left blank — "Desired activity goal" and "Physiotherapy specific exercise" — are now populated for every row, as is "Activity Level" and the incomplete "Underlying biomechanical cause" column.
A28: • 13 conditions from the Course Manual have been added below your 27: calcific tendinopathy, acute traumatic cuff tear, subscapularis tear, post-traumatic/post-surgical stiffness, Stanmore Polar II and Polar III instability, neuralgic amyotrophy, thoracic outlet syndrome, referred visceral/malignant pain, septic arthritis, proximal humeral fracture, GIRD and clavicle fracture. Added rows are marked ADD in the SOURCE column.
A29: • TERMINOLOGY UPDATED: your "Subacromial Impingement" row is retitled RCRSP, following the manual's shift to the rotator cuff-related shoulder pain umbrella — subacromial space size correlates poorly with pain, and decompression is no better than placebo (CSAW).
A30: • THE DEFINING SHOULDER TRAP: pain NOT reproducible on examination is a referral, not a rehabilitation problem. THE SECOND: screen the cervical spine in every shoulder presentation.
A31: • THE MOST USEFUL SINGLE DISCRIMINATOR: a true capsular block to passive external rotation WITH AN INTACT CUFF is frozen shoulder or OA, not RCRSP.
A32: • READ IRRITABILITY: load RCRSP into acceptable pain (<=5/10 settling within 24 h), but do not force an irritable capsule. Getting this wrong is the commonest management error in the shoulder.
A33: • Yellow cells are inputs. Green text is pulled from another sheet. Do not overwrite formula cells.

Sheet Master Matrix
A1: MASTER DIAGNOSTIC & MANAGEMENT MATRIX — 40 SHOULDER CONDITIONS
A2: Columns B–M follow your diagnostics algorithm exactly, with Activity Level, Biomechanical Cause, Desired Activity Goal and Physiotherapy Specific Exercise now completed. Columns N–Z add the management programme.
A3: Source | B3: Region | C3: Activity Level | D3: Common Symptoms | E3: Age Group | F3: Onset | G3: Predominance | H3: Condition | I3: High-Yield Diagnostic Question | J3: Special Test + Imaging | K3: Underlying Biomechanical Cause | L3: DESIRED ACTIVITY GOAL | M3: PHYSIOTHERAPY SPECIFIC EXERCISE | N3: Pain Mechanism | O3: Classification / Cluster | P3: Red Flag Status | Q3: MANAGEMENT EMPHASIS | R3: Loading Stage & Entry Dose | S3: BIOMECHANICAL CORRECTIONS & KINETIC CHAIN | T3: Manual Therapy, Taping & Adjuncts | U3: Advanced / Surgical Options | V3: Outcome Measures | W3: Re-testable Markers | X3: Expected Timeline | Y3: Referral / Surgical Trigger | Z3: Evidence Anchor
A4: SRC | B4: Anterior | C4: Overhead worker, painter, gym lifter, swimmer; also sedentary after a sudden load spike | D4: Pain lifting arm overhead | E4: 20-60 | F4: Slow | G4: Equal | H4: Subacromial Impingement (now: RCRSP) | I4: Does lifting the arm overhead increase pain? | J4: Neer/Hawkins + MRI | K4: Supraspinatus weak, scapular dyskinesis, posterior capsule tightness, hooked acromion, thoracic kyphosis, poor overhead mechanics | L4: Pain-free overhead reach and sustained above-shoulder work; return to pressing and swimming volume | M4: Isometric cuff holds 5 x 30-45 s for analgesia; band external and internal rotation 3-4 sets 8-12 RM 3x/week; full can in the scapular plane; serratus wall slides and punches; prone Y and T for lower trapezius; thoracic extension over a roller; progressive overhead press and scaption loading | N4: Nociceptive (load-related); nociplastic overlay if persistent beyond 6 months | O4: Cluster 1 - RCRSP umbrella (replaces 'impingement'). Subacromial space size correlates poorly with pain | P4: No | Q4: Education + progressive cuff and scapular loading is first-line (GRASP). Load into acceptable pain (<=5/10 settling within 24 h) - pain-free is not required. Avoid routine decompression surgery (CSAW); corticosteroid gives short-term benefit only | R4: Stage 1-2. Isometric/low-load cuff activation for irritability, then heavy slow resistance 3-4 sets 8-12 RM, 3 s up / 3 s down, 2-3x/week; progress to functional and overhead loading | S4: Restore the elevation chain: thoracic extension and rotation, scapular upward rotation and posterior tilt (serratus anterior, lower trapezius), cuff endurance not just peak strength; modify overhead work volume, bench and pressing technique, and workstation height | T4: Scapular taping or cueing to unlock better movement; manual therapy as an adjunct only; activity and ergonomic modification is central | U4: If stalled beyond 12 weeks: guided subacromial corticosteroid injection to enable loading; NMES where activation is poor. Decompression is NOT indicated | V4: SPADI; QuickDASH; Oxford Shoulder Score; night-pain score | W4: Pain-free elevation range; painful arc; night pain score; external rotation strength; overhead tolerance | X4: 12 weeks for meaningful change; 3-6 months for full overhead capacity | Y4: True weakness with a lag sign; trauma; no response to 12 weeks of well-delivered loading | Z4: GRASP (Lancet 2021); CSAW (Lancet 2018); Lewis RCRSP
A5: SRC | B5: Anterior | C5: Manual worker or older adult; often after a fall or a sudden lift | D5: Night pain and weakness | E5: 40-70 | F5: Sudden | G5: Male | H5: Rotator Cuff Tear | I5: Do you have difficulty lifting the arm with night pain? | J5: Empty Can + MRI | K5: Degenerative tendon change plus a load event; loss of the cuff force couple allowing superior humeral migration; deltoid over-dominance; scapular and thoracic contribution | L5: Restore active elevation and the ability to lift and carry; sleep on the affected side again | M5: Supported (supine then inclined) cuff and deltoid activation; NMES if voluntary activation is poor; band external and internal rotation progressing to 3-4 sets 8-12 RM; anterior deltoid retraining for elevation; serratus and lower trapezius loading; graded upright and overhead progression | N5: Nociceptive - structural; nociplastic overlay in long-standing cases | O5: Rotator cuff group. Classify by size, retraction, muscle quality (Goutallier) and whether traumatic or degenerative | P5: Screen: SUDDEN significant weakness after trauma = acute traumatic tear, a time-sensitive surgical referral. Do not simply wait and see | Q5: For a DEGENERATIVE tear: structured loading is first-line and many do well without surgery. For an ACUTE TRAUMATIC tear: timely surgical assessment - a repair window exists and outcomes decline with delay | R5: Stage 1-2 in supported positions first; progressive cuff, deltoid and scapular loading 3x/week; graded elevation range as strength allows. Post-repair: follow the surgeon's protocol (see Post-Surgical Guide) | S5: Rebuild the compensatory strategy: anterior deltoid as elevator, scapular upward rotators, thoracic extension, remaining cuff endurance to keep the head centred; modify overhead demands at home and work | T5: Sling only post-operatively; taping for feedback; activity modification; sleep positioning for night pain | U5: Guided corticosteroid injection for short-term relief to enable loading; surgical repair for an acute traumatic tear or a selected functionally limiting tear; reverse arthroplasty for a massive irreparable tear with arthropathy | V5: ASES; Constant-Murley; SPADI; night-pain score | W5: Active elevation range; lag signs; external rotation and abduction strength LSI; night pain frequency | X5: 12 weeks conservative trial; 6-9 months post repair | Y5: Sudden weakness after trauma; progressive weakness; failure of a well-delivered 12-week programme | Z5: Manual Module 10 (#5-6); Kuhn/MOON conservative pathway
A6: SRC | B6: Anterior | C6: Overhead thrower, volleyball, tennis, cricket; also a fall on an outstretched hand | D6: Pain during throwing | E6: 15-35 | F6: Sudden/Slow | G6: Male athletes | H6: SLAP Lesion | I6: Do you feel deep shoulder pain during throwing? | J6: O'Brien test + MR Arthrogram | K6: Peel-back of the superior labrum in late cocking from repetitive traction and torsion; GIRD and posterior capsule tightness, scapular dyskinesis, and a poor kinetic chain increase the load reaching the labrum | L6: Return to full-velocity throwing or serving with restored control and velocity | M6: Sleeper and cross-body stretches for GIRD (technique matters); posterior cuff eccentric loading; scapular retraining (serratus, lower trapezius); thoracic and hip rotation mobility; trunk and lower-body drive work; medicine-ball plyometrics; staged interval throwing programme | N6: Nociceptive - mechanical | O6: Overhead athlete group; assess alongside GIRD, internal impingement and scapular dyskinesis - they travel together | P6: No | Q6: Rehabilitation of the cuff, scapula and kinetic chain is first-line for most - these are usually the actual drivers. Surgical opinion selectively; SLAP repair has inconsistent results in throwers and tenodesis is often preferred over 35 | R6: Stage 1-2 addressing GIRD and scapular control; avoid provocative late-cocking positions early; progress to plyometric loading then an interval throwing programme | S6: Fix the throwing chain: correct GIRD and posterior capsule tightness, restore scapular upward rotation and posterior tilt, build posterior cuff and periscapular endurance, restore thoracic and hip rotation, and increase lower-body and trunk contribution to the throw | T6: Manual therapy for the posterior capsule; scapular taping for feedback | U6: Arthroscopic SLAP repair (6 weeks protection; return to sport 6-9 months) or biceps tenodesis in the over-35s and non-throwers | V6: KJOC; ASES; WOSI; throwing velocity and control | W6: O'Brien response; internal rotation range and GIRD; total rotational arc; throwing tolerance | X6: 12 weeks conservative trial; 6-9 months to competitive throwing post-surgery | Y6: Failure of a well-delivered 3-month programme addressing GIRD and the kinetic chain; mechanical block | Z6: Manual Module 10 (#17); SLAP repair outcome literature
A7: SRC | B7: Anterior | C7: Gym lifter with heavy pressing and curling volume; overhead athlete | D7: Pain in front of shoulder | E7: 20-50 | F7: Slow | G7: Male | H7: Biceps Tendinopathy | I7: Is pain located in the front groove of the shoulder? | J7: Speed/Yergason + Ultrasound | K7: Repetitive tensile load on a tendon stabilised by the biceps pulley; often coexists with cuff or subscapularis pathology; scapular and thoracic deficits raise the demand | L7: Return to pressing, curling and overhead lifting without anterior pain | M7: Isometric elbow flexion and shoulder elevation holds; progressive isotonic biceps loading 3-4 sets 8-12 RM 3x/week; cuff external and internal rotation loading; serratus and lower trapezius work; thoracic extension mobility; graded overhead and pressing reintroduction | N7: Nociceptive - tensile tendon load | O7: AC/clavicle/biceps group; rarely isolated - always screen the cuff, pulley and labrum | P7: No | Q7: Load management and cuff/scapular rehabilitation; treat the underlying cuff or pulley pathology, because isolated biceps treatment usually fails. Surgical opinion (tenotomy or tenodesis) selectively | R7: Stage 1-2. Isometric for analgesia, then progressive isotonic biceps and cuff loading; then overhead and sport-specific loading | S7: Reduce the demand on the tendon: scapular upward rotation and posterior tilt, thoracic extension, cuff endurance; correct pressing and overhead technique and weekly volume distribution | T7: Short-term activity modification; taping; manual therapy as an adjunct | U7: Guided injection into the sheath (not the tendon substance); biceps tenodesis (4-6 weeks protection) or tenotomy (1-2 weeks) if refractory or with a pulley/subscapularis lesion | V7: SPADI; QuickDASH; ASES | W7: Bicipital groove tenderness; resisted elevation pain; pressing and overhead load tolerance | X7: 12 weeks minimum | Y7: Failure after 12 weeks of correct loading; suspected pulley lesion or subscapularis tear | Z7: Manual Module 10 (#19)
A8: SRC | B8: Anterior | C8: Middle-aged lifter or manual worker; usually on a background of chronic tendinopathy | D8: Sudden deformity | E8: 20-50 | F8: Sudden | G8: Male | H8: Long Head Biceps Rupture | I8: Did you notice a sudden pop with bulging arm muscle? | J8: Clinical + Ultrasound | K8: Failure of a chronically degenerate tendon under load; the underlying problem is usually cuff and pulley pathology, not the biceps itself | L8: Return to normal lifting and gym activity; accept the cosmetic change | M8: Progressive elbow flexion and supination loading from comfort; full loading by 6 weeks; cuff external and internal rotation strengthening; scapular and thoracic work to address the underlying driver | N8: Nociceptive - acute rupture, then largely resolved | O8: AC/clavicle/biceps group; the key clinical task is assessing the CUFF, not the biceps | P8: Screen: the associated cuff tear matters far more than the rupture itself | Q8: Reassure - functional loss is minimal in most patients and conservative management is standard. Rehabilitate the cuff and scapula. Tenodesis for cosmesis, cramping, or a young high-demand patient | R8: No protection required. Progressive elbow flexion, supination and cuff loading from comfort; full loading from 6 weeks | S8: Address the underlying cuff and scapular deficits that caused the rupture; restore thoracic extension and overhead capacity | T8: Analgesia and reassurance; compression for ecchymosis | U8: Biceps tenodesis for cosmesis or persistent cramping; cuff repair where the associated tear is significant | V8: QuickDASH; ASES; elbow flexion and supination strength | W8: Elbow flexion and supination strength LSI; cramping frequency | X8: 6-12 weeks conservatively | Y8: Young or high-demand patient; significant associated cuff tear | Z8: Manual Module 10 (#19 group)
A9: SRC | B9: Anterior | C9: Any activity level - frequently no precipitating load event at all; often sedentary | D9: Painful stiffness | E9: 40-65 | F9: Slow | G9: Female | H9: Frozen Shoulder (Adhesive Capsulitis) | I9: Is shoulder movement restricted in all directions? | J9: ROM exam + X-ray/MRI | K9: NOT a load problem - a capsular fibrotic and inflammatory process. Coracohumeral ligament and rotator interval contracture drives the early external rotation loss. Diabetes and thyroid disease are strongly associated | L9: Restore functional reach - dressing, hair, hand behind back - then full range and strength; understand and tolerate the months-long trajectory | M9: STAGE-DEPENDENT. Painful stage: gentle pain-guided pendulum and active-assisted range, low-load isometrics, elbow/wrist/thoracic mobility - do NOT stretch aggressively. Freezing/frozen: progressive end-range stretching in all planes, sustained holds, mobilisation, loaded stretch. Thawing: full range restoration plus progressive cuff and scapular strengthening | N9: Nociceptive - inflammatory in the painful stage; high irritability; nociplastic features common given the duration | O9: Cluster 2 - frozen shoulder. Stage it: (1) painful/pre-adhesive, (2) freezing, (3) frozen, (4) thawing. Stage and irritability direct treatment intensity | P9: Screen: exclude glenohumeral OA, locked posterior dislocation and, rarely, tumour. SCREEN FOR UNDIAGNOSED DIABETES AND THYROID DISEASE | Q9: Stage- and irritability-based care. Painful stage: pain control and gentle range - aggressive stretching backfires. Freezing/frozen: progressive stretching and loading within tolerance. Corticosteroid and hydrodilatation are useful adjuncts, especially early. MUA or capsular release for refractory cases | R9: Match effort to irritability. High irritability: pain-free range only, 5 x 30-45 s low-load isometrics. Low irritability: sustained end-range stretch 3-5 x 30 s several times daily, progressing to loaded stretch and full cuff/scapular strengthening | S9: Preserve and then rebuild: maintain thoracic extension and rotation, scapular mobility and control, and elbow/wrist function; prevent secondary deconditioning; restore scapulohumeral rhythm rather than a shrugging compensation as range returns | T9: Mobilisation and gentle range in the painful stage (low grades only); end-range mobilisation once settled; heat before stretching; sleeping position advice for night pain | U9: Guided intra-articular corticosteroid injection (best evidence EARLY); hydrodilatation for a plateaued shoulder; MUA or arthroscopic capsular release - both followed by IMMEDIATE motion | V9: SPADI; Oxford Shoulder Score; QuickDASH; passive external rotation in degrees | W9: Passive external rotation range; passive elevation; night pain score; functional reach tasks | X9: Painful stage 2-9 months; total course commonly 12-30 months (longer in diabetes) | Y9: Diagnostic uncertainty; plateaued range despite correct stage-based care - consider hydrodilatation or release | Z9: Kelley JOSPT 2013 adhesive capsulitis CPG; Manual Module 10 (#9)
A10: SRC | B10: Anterior | C10: Gym lifter - bench press, dips; also contact sport | D10: Pain after gym/bench press | E10: 20-40 | F10: Sudden | G10: Male | H10: Pectoralis Major Strain / Rupture | I10: Did pain start during pushing or bench press? | J10: MRI | K10: Eccentric overload of the pectoralis major at the musculotendinous junction or humeral insertion during the bottom of a heavy bench press; anabolic steroid use, inadequate warm-up, excessive bar depth and rapid load progression are contributors | L10: Return to full pressing capacity and symmetrical chest contour and strength | M10: Early: pain-free range and isometric adduction holds. Then progressive isotonic pressing and adduction loading 3-4 sets 8-12 RM; scapular and cuff loading throughout; graded return to bench press starting with reduced depth and load; full pressing volume last | N10: Nociceptive - acute muscle/tendon strain or rupture | O10: AC/clavicle/biceps and anterior group; a complete rupture (visible defect, axillary fold change) is a surgical presentation in an active patient | P10: Screen: a complete tendinous rupture in an active patient warrants prompt surgical opinion - outcomes decline with delay | Q10: Partial strain: conservative - relative rest, progressive loading and technique correction. COMPLETE RUPTURE in an active patient: prompt surgical repair; delay compromises the result | R10: Grade-dependent. Partial: isometrics from comfort, progressive isotonic loading from 2-4 weeks. Post-repair: sling 4-6 weeks with protected range, progressive loading 6-12 weeks, full pressing from 12 weeks | S10: Correct the mechanism: reduce bench press depth and load, avoid rapid load progression, improve scapular retraction and set during pressing, balance pushing with pulling volume, and address warm-up practice | T10: Sling short-term post-repair; taping; activity modification | U10: Surgical repair for a complete tendinous rupture (protection 4-6 weeks; return to sport 6-9 months) | V10: QuickDASH; ASES; pressing strength LSI | W10: Adduction strength LSI; pressing load tolerance; contour symmetry | X10: 6-12 weeks for a partial strain; 6-9 months post repair | Y10: Palpable defect, loss of the axillary fold, or marked adduction weakness - refer promptly | Z10: Manual Module 10 (anterior group); pectoralis major repair literature
A11: SRC | B11: Anterior | C11: Contact sport, cycling crash, fall onto the point of the shoulder | D11: Localized joint pain | E11: 20-50 | F11: Sudden | G11: Male | H11: AC Joint Sprain | I11: Does pain increase when bringing arm across chest? | J11: Cross-body adduction + X-ray | K11: Direct force to the acromion driving it inferiorly while the clavicle is held by its sternal attachment, injuring the AC then the coracoclavicular ligaments in sequence | L11: Return to contact sport, overhead work and pressing without pain on top of the shoulder | M11: Early: pain-free range avoiding cross-body adduction; scapular setting. Then progressive scapular retraction and upward rotation loading, cuff external and internal rotation 3-4 sets 8-12 RM, thoracic extension; overhead and pressing load from 6-8 weeks with modified depth | N11: Nociceptive - traumatic | O11: AC group; grade by Rockwood I-VI. I-II conservative, III controversial, IV-VI surgical | P11: Screen: grades IV-VI (posterior, superior or inferior displacement) are surgical. Check skin integrity and neurovascular status | Q11: Grades I-II: conservative - sling for comfort, early range, progressive scapular and cuff loading. Grade III: conservative first-line for most, surgery for high-demand overhead workers who fail. Grades IV-VI: surgical referral | R11: Sling for comfort 1-2 weeks; pain-free range early avoiding cross-body adduction; progressive scapular and cuff loading from 2-4 weeks; overhead and pressing from 6-8 weeks; contact sport 6-12 weeks by grade | S11: Rebuild the girdle around the joint: scapular upward rotators and retractors, cuff capacity, thoracic extension; modify cross-body and overhead loading; correct bench press and dip technique, which load the AC joint heavily | T11: AC joint offloading tape (practically effective for return to sport); sling short-term; avoid prolonged immobilisation | U11: Guided AC joint injection for persistent pain; AC reconstruction for Rockwood IV-VI (6 weeks protection) or coracoclavicular ligament reconstruction for chronic instability | V11: SPADI; QuickDASH; Oxford Shoulder Score | W11: AC tenderness; cross-body adduction pain; overhead and pressing tolerance; step deformity | X11: Grade I 2-4 weeks; grade II 4-6 weeks; grade III 6-12 weeks | Y11: Rockwood IV-VI; grade III in a high-demand overhead worker; persistent pain after 3 months | Z11: Rockwood classification; Manual Module 10 (#18)
A12: SRC | B12: Posterior | C12: Baseball and cricket pitching, tennis serve, volleyball spike, javelin | D12: Pain during follow-through | E12: 15-35 | F12: Slow | G12: Male athletes | H12: Internal Impingement | I12: Do throwing movements cause deep back shoulder pain? | J12: Posterior impingement sign + MRI | K12: Physiological contact of the undersurface cuff against the posterosuperior labrum in extreme external rotation, becoming pathological when GIRD, scapular dyskinesis, poor kinetic-chain sequencing or excessive throwing volume increase the load and duration of that contact | L12: Return to full-velocity throwing with restored control and velocity, and pain-free late cocking | M12: Sleeper and cross-body stretches for the posterior capsule; posterior cuff eccentric loading (prone external rotation, side-lying); scapular retraining (serratus, lower trapezius); thoracic and hip rotation mobility; trunk and lower-body drive; medicine-ball plyometrics; staged interval throwing programme | N12: Nociceptive - mechanical and compressive | O12: Overhead athlete group; assess alongside GIRD, SLAP and scapular dyskinesis | P12: No | Q12: Correct the drivers rather than the contact: address GIRD and posterior capsule tightness, restore scapular upward rotation and posterior tilt, build posterior cuff eccentric capacity, correct throwing mechanics and kinetic-chain sequencing, and manage throwing volume. Surgery has poor results in throwers | R12: Stage 1-2 with posterior capsule mobility and posterior cuff eccentric work; avoid provocative late-cocking positions early; then plyometric loading and a structured interval throwing programme | S12: Fix the whole throw: correct GIRD, restore thoracic and hip rotation, increase lower-body and trunk contribution so less load reaches the shoulder, correct excessive horizontal abduction and a low elbow position, and cap throw counts with mandatory rest days | T12: Manual therapy for the posterior capsule; scapular taping for feedback | U12: Rarely surgical. Debridement outcomes in throwers are inconsistent - exhaust the load and mechanics route first | V12: KJOC; ASES; SANE; throwing velocity and control | W12: Pain in late cocking; internal rotation range and GIRD; total rotational arc; throwing tolerance | X12: 12 weeks minimum; often a full off-season | Y12: Failure after a well-delivered programme addressing GIRD, scapula and mechanics | Z12: Burkhart, Morgan & Kibler - the disabled throwing shoulder
A13: SRC | B13: Posterior | C13: Overhead athlete, desk worker, anyone with a sustained protracted posture | D13: Scapular pain | E13: 20-50 | F13: Slow | G13: Female | H13: Scapular Dyskinesis | I13: Does the shoulder blade move abnormally during lifting? | J13: Scapular assistance test | K13: Weakness or altered timing of serratus anterior and lower trapezius with upper trapezius and pectoralis minor dominance; thoracic kyphosis and stiffness; sustained postural loading; fatigue in overhead sport | L13: Restore efficient scapulohumeral rhythm so overhead work and lifting are sustainable without periscapular fatigue | M13: Scapular setting and control without load first; serratus anterior (wall slides, punches, protraction with load, push-up plus) 3-4 sets 10-15 reps 3-5x/week; lower trapezius (prone Y, prone horizontal abduction with external rotation, side-lying forward flexion); pectoralis minor lengthening; thoracic extension and rotation mobility; then integrate into overhead loading | N13: Not a pain generator in itself - a contributor to whatever else is going on | O13: Scapular group; treat as a modifiable impairment WITHIN another diagnosis, rarely as the whole diagnosis. Kibler classification | P13: Screen: distinguish from a true nerve palsy (long thoracic, spinal accessory) - a nerve palsy shows profound weakness and a characteristic winging pattern | Q13: Scapular and kinetic-chain retraining as part of the wider plan. A positive scapular assistance or retraction test tells you it is worth targeting | R13: Stage 1-2. Control work without load, then progressive serratus and lower trapezius loading 3-5x/week, then integration into functional and overhead loading | S13: Restore the platform the arm moves on: serratus anterior and lower trapezius capacity, reduce upper trapezius and pectoralis minor dominance, restore thoracic extension and rotation, correct workstation and overhead work posture, address fatigue-related loss of control in sport | T13: Scapular taping for proprioceptive feedback; manual therapy for thoracic and pectoralis minor mobility | U13: Not applicable - this is a rehabilitation target, not a surgical one | V13: SPADI; QuickDASH (measured through the primary diagnosis) | W13: Scapular assistance test; winging under load and at fatigue; serratus and lower trapezius endurance | X13: 6-12 weeks alongside the primary diagnosis | Y13: Suspected nerve palsy; failure of the primary condition despite correct scapular work | Z13: Kibler Scapular Summit consensus 2013; Manual Module 10 (#25)
A14: SRC | B14: Posterior | C14: Volleyball spiker, overhead thrower; also secondary to a spinoglenoid notch cyst | D14: Weakness and wasting | E14: 20-50 | F14: Slow | G14: Male | H14: Suprascapular Neuropathy | I14: Do you notice weakness during external rotation? | J14: EMG + MRI | K14: Traction on the nerve during the follow-through of overhead sport, or compression by a paralabral cyst arising from a labral tear; the pattern of wasting localises the level of entrapment | L14: Restore external rotation strength and return to overhead sport without fatigue or weakness | M14: Progressive external rotator loading respecting fast fatigability of a denervated muscle (start low volume, build gradually); scapular retraining; posterior cuff endurance; avoid provocative follow-through positions early; graded return to overhead sport with volume capped | N14: Neuropathic | O14: Neural/referred group; isolated infraspinatus wasting = spinoglenoid notch; both supraspinatus and infraspinatus = suprascapular notch | P14: YES - isolated infraspinatus wasting demands imaging to exclude a compressive cyst | Q14: Image to identify a cyst. If present, treat the labral tear that produced it - decompression alone often recurs. If not, conservative: technique modification, cuff and scapular strengthening, load reduction of the provocative action | R14: Progressive external rotator and scapular loading, respecting that a denervated muscle fatigues fast; graded volume increase; sport-specific reintroduction last | S14: Reduce traction on the nerve: modify the follow-through and deceleration phase, build posterior cuff and scapular capacity, restore thoracic rotation, cap overhead volume during recovery | T14: Load and technique modification; taping for scapular feedback | U14: Cyst aspiration or arthroscopic decompression with labral repair; arthroscopic suprascapular nerve release for non-cystic entrapment (minimal restriction post-operatively) | V14: KJOC; ASES; external rotation strength; serial nerve conduction studies | W14: Infraspinatus bulk; external rotation strength LSI; overhead sport tolerance | X14: 3-6 months conservatively; longer where a cyst requires surgery | Y14: Isolated infraspinatus wasting or a cyst on MRI - refer | Z14: Manual Module 10 (#22)
... A43: ADD | B43: AC / Clavicle | C43: Contact sport, cycling crash, fall onto the shoulder | D43: Obvious deformity over the collarbone after a fall | E43: 15-40 | F43: Sudden | G43: Male | H43: Clavicle Fracture (mid-shaft) | I43: Did you fall on the shoulder and is there an obvious lump or step in the collarbone? | J43: X-ray (AP and 15 deg cephalic tilt); assess shortening and displacement | K43: Direct impact or a fall onto the shoulder transmitting force through the clavicle - the mid-shaft is the mechanically weakest point | L43: Return to contact sport, overhead work and carrying with radiographic union and full strength | M43: Sling 2-4 weeks; pendulum, elbow and hand work IMMEDIATELY; active-assisted range from 2-4 weeks; active range from 4-6 weeks; progressive scapular, cuff and thoracic loading from 6-8 weeks; contact sport at 12 weeks with union | N43: Nociceptive - acute fracture | O43: AC/clavicle group; management driven by displacement, shortening (typically over 2 cm) and comminution | P43: YES - skin tenting, an open fracture, or any neurovascular compromise is an urgent surgical referral | Q43: Minimally displaced: conservative - sling then early range and progressive loading. Significantly displaced or shortened over 2 cm: surgical fixation gives lower non-union rates and better function in active patients | R43: Sling 2-4 weeks; early elbow and hand movement; graded range 2-6 weeks; progressive loading from 6-8 weeks; contact sport at 12 weeks with union | S43: Restore the girdle after union: scapular upward rotation and retraction, cuff capacity, thoracic extension; reverse the deconditioning of the immobilisation period; address the fall or crash mechanism | T43: Sling (a figure-of-eight brace offers no advantage); analgesia; early elbow and hand movement | U43: Open reduction and internal fixation for significant displacement, shortening over 2 cm, open fracture, skin tenting or neurovascular compromise | V43: QuickDASH; Constant-Murley; Oxford Shoulder Score | W43: Radiographic union; active range; strength LSI; loading tolerance | X43: 6-12 weeks to union; 12 weeks to contact sport | Y43: Skin tenting, open fracture, neurovascular compromise, displacement or shortening over 2 cm | Z43: Clavicle fracture management trials

Sheet Rx Generator
A1: PRESCRIPTION GENERATOR
A2: Select a condition in the yellow cell. Every field below is pulled live from the Master Matrix.
A4: SELECT CONDITION → | B4: Biceps Tendinopathy
A6: Region | B6: =IFERROR(INDEX('Master Matrix'!B$4:B$43,MATCH($B$4,'Master Matrix'!$H$4:$H$43,0)),"") -> Anterior
A7: Activity level | B7: =IFERROR(INDEX('Master Matrix'!C$4:C$43,MATCH($B$4,'Master Matrix'!$H$4:$H$43,0)),"") -> Gym lifter with heavy pressing and curling volume; overhead athlete
A8: Common symptoms | B8: =IFERROR(INDEX('Master Matrix'!D$4:D$43,MATCH($B$4,'Master Matrix'!$H$4:$H$43,0)),"") -> Pain in front of shoulder
A9: Age group | B9: =IFERROR(INDEX('Master Matrix'!E$4:E$43,MATCH($B$4,'Master Matrix'!$H$4:$H$43,0)),"") -> 20-50
A10: Onset | B10: =IFERROR(INDEX('Master Matrix'!F$4:F$43,MATCH($B$4,'Master Matrix'!$H$4:$H$43,0)),"") -> Slow
A11: Predominance | B11: =IFERROR(INDEX('Master Matrix'!G$4:G$43,MATCH($B$4,'Master Matrix'!$H$4:$H$43,0)),"") -> Male
A12: High-yield diagnostic question | B12: =IFERROR(INDEX('Master Matrix'!I$4:I$43,MATCH($B$4,'Master Matrix'!$H$4:$H$43,0)),"") -> Is pain located in the front groove of the shoulder?
A13: Special test + imaging | B13: =IFERROR(INDEX('Master Matrix'!J$4:J$43,MATCH($B$4,'Master Matrix'!$H$4:$H$43,0)),"") -> Speed/Yergason + Ultrasound
A14: Underlying biomechanical cause | B14: =IFERROR(INDEX('Master Matrix'!K$4:K$43,MATCH($B$4,'Master Matrix'!$H$4:$H$43,0)),"") -> Repetitive tensile load on a tendon stabilised by the biceps pulley; often coexists with cuff or subscapularis pathology; scapular and thoracic deficits raise the demand
A15: DESIRED ACTIVITY GOAL | B15: =IFERROR(INDEX('Master Matrix'!L$4:L$43,MATCH($B$4,'Master Matrix'!$H$4:$H$43,0)),"") -> Return to pressing, curling and overhead lifting without anterior pain
A16: PHYSIOTHERAPY SPECIFIC EXERCISE | B16: =IFERROR(INDEX('Master Matrix'!M$4:M$43,MATCH($B$4,'Master Matrix'!$H$4:$H$43,0)),"") -> Isometric elbow flexion and shoulder elevation holds; progressive isotonic biceps loading 3-4 sets 8-12 RM 3x/week; cuff external and internal rotation loading; serratus and lower trapezius work; thoracic extension mobility; graded overhead and pressing reintroduction
A17: Pain mechanism | B17: =IFERROR(INDEX('Master Matrix'!N$4:N$43,MATCH($B$4,'Master Matrix'!$H$4:$H$43,0)),"") -> Nociceptive - tensile tendon load
A18: Classification / cluster | B18: =IFERROR(INDEX('Master Matrix'!O$4:O$43,MATCH($B$4,'Master Matrix'!$H$4:$H$43,0)),"") -> AC/clavicle/biceps group; rarely isolated - always screen the cuff, pulley and labrum
A19: RED FLAG STATUS | B19: =IFERROR(INDEX('Master Matrix'!P$4:P$43,MATCH($B$4,'Master Matrix'!$H$4:$H$43,0)),"") -> No
A20: MANAGEMENT EMPHASIS | B20: =IFERROR(INDEX('Master Matrix'!Q$4:Q$43,MATCH($B$4,'Master Matrix'!$H$4:$H$43,0)),"") -> Load management and cuff/scapular rehabilitation; treat the underlying cuff or pulley pathology, because isolated biceps treatment usually fails. Surgical opinion (tenotomy or tenodesis) selectively
A21: Loading stage & entry dose | B21: =IFERROR(INDEX('Master Matrix'!R$4:R$43,MATCH($B$4,'Master Matrix'!$H$4:$H$43,0)),"") -> Stage 1-2. Isometric for analgesia, then progressive isotonic biceps and cuff loading; then overhead and sport-specific loading
A22: BIOMECHANICAL CORRECTIONS & KINETIC CHAIN | B22: =IFERROR(INDEX('Master Matrix'!S$4:S$43,MATCH($B$4,'Master Matrix'!$H$4:$H$43,0)),"") -> Reduce the demand on the tendon: scapular upward rotation and posterior tilt, thoracic extension, cuff endurance; correct pressing and overhead technique and weekly volume distribution
A23: Manual therapy, taping & adjuncts | B23: =IFERROR(INDEX('Master Matrix'!T$4:T$43,MATCH($B$4,'Master Matrix'!$H$4:$H$43,0)),"") -> Short-term activity modification; taping; manual therapy as an adjunct
A24: Advanced / surgical options | B24: =IFERROR(INDEX('Master Matrix'!U$4:U$43,MATCH($B$4,'Master Matrix'!$H$4:$H$43,0)),"") -> Guided injection into the sheath (not the tendon substance); biceps tenodesis (4-6 weeks protection) or tenotomy (1-2 weeks) if refractory or with a pulley/subscapularis lesion
A25: Outcome measures | B25: =IFERROR(INDEX('Master Matrix'!V$4:V$43,MATCH($B$4,'Master Matrix'!$H$4:$H$43,0)),"") -> SPADI; QuickDASH; ASES
A26: Re-testable markers | B26: =IFERROR(INDEX('Master Matrix'!W$4:W$43,MATCH($B$4,'Master Matrix'!$H$4:$H$43,0)),"") -> Bicipital groove tenderness; resisted elevation pain; pressing and overhead load tolerance
A27: Expected timeline | B27: =IFERROR(INDEX('Master Matrix'!X$4:X$43,MATCH($B$4,'Master Matrix'!$H$4:$H$43,0)),"") -> 12 weeks minimum
A28: Referral / surgical trigger | B28: =IFERROR(INDEX('Master Matrix'!Y$4:Y$43,MATCH($B$4,'Master Matrix'!$H$4:$H$43,0)),"") -> Failure after 12 weeks of correct loading; suspected pulley lesion or subscapularis tear
A29: Evidence anchor | B29: =IFERROR(INDEX('Master Matrix'!Z$4:Z$43,MATCH($B$4,'Master Matrix'!$H$4:$H$43,0)),"") -> Manual Module 10 (#19)
A31: NOTES
A32: • Green text is pulled from the Master Matrix — edit the matrix, not this sheet.
A33: • Check RED FLAG STATUS first. A crimson entry means screen or refer before rehabilitating.
A34: • The DESIRED ACTIVITY GOAL and PHYSIOTHERAPY SPECIFIC EXERCISE rows are written to be handed straight to the patient.
A35: • Print this sheet (portrait, fit to one page wide) for the patient file.

Sheet Assessment Roadmap
A1: FIVE-GATE ASSESSMENT ROADMAP
A2: Work top to bottom. Gate 3 — pain, stiffness or instability — does most of the diagnostic work.
A3: Gate | B3: Purpose | C3: What You Assess | D3: Findings That Matter | E3: Decision Rule
A4: GATE 1 | B4: Screen for serious pathology | C4: Malignancy (incl. Pancoast, metastasis); acute traumatic cuff tear; fracture or unreduced dislocation; septic joint; cardiac or visceral referral | D4: Constant or night pain unrelated to movement, systemic features, weight loss, cancer history, Horner's signs or hand/arm neurology. Sudden significant weakness or loss of active elevation after trauma. Trauma with deformity, marked loss of movement or neurovascular compromise. Hot, painful, systemically unwell shoulder. Exertional pain with cardiovascular risk | E4: If present -> investigate or refer BEFORE local treatment
A5: GATE 2 | B5: Screen the cervical spine | C5: Cervical range, Spurling's test, distraction, neurodynamic tests and a neurological examination | D5: The neck commonly refers to the shoulder. Wainner cluster: Spurling positive + distraction relief + upper limb neurodynamic test positive + cervical rotation under 60 degrees. Pain below the elbow with paraesthesia. Symptoms changed more by neck than by shoulder movement | E5: Clear the neck BEFORE committing to a shoulder diagnosis
A6: GATE 3 | B6: Pain, stiffness or instability? | C6: The three master pathways - established before any special test | D6: STIFFNESS (a true capsular BLOCK to passive range) -> frozen shoulder or glenohumeral OA. INSTABILITY (slipping or apprehension) -> Stanmore pole. PAIN with preserved passive range -> RCRSP. The single most useful discriminator in the stiff shoulder is a capsular block to passive external rotation WITH AN INTACT CUFF | E6: This branch does most of the diagnostic work
A7: GATE 4 | B7: Cluster to a working diagnosis | C7: History + palpation + special-test cluster | D7: Cluster 1 RCRSP: anterolateral pain with elevation and night pain, painful arc, pain-limited but preserved passive range. Cluster 2 Frozen shoulder: insidious painful-then-stiff, global loss of PASSIVE range especially early external rotation, intact cuff, diabetes/thyroid link. Cluster 3 Traumatic anterior instability (Polar I): significant trauma with dislocation, apprehension in abduction-external rotation, positive relocation, often a Bankart lesion | E7: Clustering beats any single test. Many named 'impingement' tests are sensitive but not specific - read them as symptom provocation, not structure identification
A8: GATE 5 | B8: Quantify impairments and capacity | C8: ROM (especially passive external rotation); cuff strength (PAIN versus TRUE WEAKNESS); scapular control; irritability | D8: Passive and active elevation and rotation; resisted cuff testing distinguishing pain-limited from truly weak; lag signs; scapular assistance and retraction tests; total rotational arc in throwers; irritability grading to set treatment intensity | E8: These become the baseline re-testable markers that drive the plan and, for athletes, return-to-sport testing
A10: DIAGNOSTIC ALGORITHM — NARRATIVE FLOW
A11: • Shoulder pain → Red flags? YES: image or refer. NO ↓
A12: • Referred from the neck? YES: treat the cervical source. NO ↓
A13: • Is the dominant problem PAIN, STIFFNESS or INSTABILITY?
A14: • STIFFNESS (capsular block to passive range) → early marked loss of external rotation with an intact cuff = frozen shoulder (STAGE IT). Older adult with crepitus and radiographic change = glenohumeral OA.
A15: • INSTABILITY (slipping or apprehension) → traumatic + Bankart = Polar I. Atraumatic + structural = Polar II. Non-structural muscle patterning = Polar III. Consider MDI.
A16: • PAIN with preserved passive range → anterolateral, overhead, painful arc, night pain = RCRSP (± cuff tear if TRUE weakness). Calcific deposit on imaging = calcific tendinopathy. AC point pain on cross-body = AC joint. Anterior groove pain = biceps.
A17: • Confirm with the impairment and capacity profile → set baseline markers → enter the Phased Programme.
A19: CLINICAL PEARL
A20: • Convert every diagnosis into two or three re-testable markers BEFORE you treat — pain-free elevation, passive external rotation, cuff strength, or a night-pain score.
A21: • If those markers do not improve over 4-6 weeks of appropriate loading (or stage-based care for frozen shoulder), revisit the diagnosis rather than simply adding modalities.

Sheet Subjective Exam
A1: SUBJECTIVE EXAMINATION TEMPLATE
A2: Yellow column is the input column. A structured history alone points to the diagnosis in most shoulder presentations.
A3: Domain | B3: What to Ask | C3: Why It Matters | D3: Findings (fill in)
A4: Onset & mechanism | B4: Insidious/overuse or traumatic? Fall on an outstretched hand, forced abduction-external rotation, or a direct blow? | C4: Insidious points to RCRSP, tendinopathy or OA; traumatic to dislocation, acute cuff tear, fracture or AC injury | D4: e.g. insidious, 2 months after painting a ceiling
A5: Age & context | B5: Age; occupation; sport; gym content | C5: A first traumatic dislocation under 25 carries high re-dislocation risk; new significant weakness after trauma in an older adult suggests an acute cuff tear
A6: Pain location | B6: Point with one finger: anterolateral / on top / anterior groove / deep and global / posterior | C6: Anterolateral with overhead = RCRSP. On top with cross-body = AC. Anterior groove = biceps. Deep global stiffness = capsular
A7: PAIN, STIFFNESS OR INSTABILITY? | B7: Is the main problem pain, stiffness, or the shoulder feeling unstable? | C7: GATE 3 — the single question that organises the whole differential into three master pathways
A8: Load behaviour | B8: What can't you do — reach overhead, lie on it, throw, press? | C8: Overhead with night pain = RCRSP; loss of range = capsular; slipping = instability
A9: NIGHT PAIN | B9: Can you lie on it? How many times do you wake? | C9: Night pain is common, disabling, a major driver of distress — and one of the best re-test markers
A10: Irritability | B10: How easily does it flare, how bad does it get, and how long does it take to settle? | C10: Irritability sets treatment intensity. High irritability = gentler, pain-guided input. This is the key clinical skill in the shoulder
A11: Activity & load change | B11: Recent change in overhead work, gym volume, pressing content, throwing or serving volume | C11: Most atraumatic shoulder pain is a load change on an unprepared shoulder
A12: NECK SCREEN | B12: Any neck pain or stiffness? Does moving your neck change the shoulder pain? Any pain below the elbow or paraesthesia? | C12: GATE 2 — the neck commonly refers to the shoulder and is the commonest missed contributor
A13: RED FLAG SCREEN | B13: Constant or night pain unrelated to movement? Weight loss? Cancer history? Smoking? Fever or unwell? Exertional chest symptoms? Arm swelling or colour change? Sudden weakness after trauma? | C13: GATE 1 — malignancy, acute cuff tear, fracture, sepsis and cardiac/visceral referral all present as shoulder pain
A14: Metabolic & medical | B14: Diabetes? Thyroid disease? Previous shoulder surgery or dislocation? Hypermobility? Medication? | C14: Diabetes and thyroid disease are strongly associated with frozen shoulder and change the expected trajectory
A15: Prior episodes & treatment | B15: Previous episodes, imaging, injections, physiotherapy — and what happened | C15: Tells you what has genuinely been tried and at what dose
A16: Beliefs & expectations | B16: What do you think is wrong? What are you afraid of? How long do you expect this to take? | C16: Fear-avoidance and low self-efficacy predict poorer outcomes; mismatched timeline expectation causes disengagement
... A18: Baseline outcome measure | B18: Which PROM will you use? (see Outcome Measures sheet) | C18: One PROM plus two or three physical markers is the minimum dataset
A20: HOW TO FILL THIS SHEET
A21: • Row 4 shows an example entry in grey — overwrite it.
A22: • Three questions triage most shoulder pain fast: "Was there an injury — and if so, in what position?", "Is the main problem pain, stiffness, or the shoulder feeling unstable?", and "What can't you do — reach overhead, lie on it, throw?"
A23: • If nothing in the physical examination reproduces the pain the patient came in with, stop and refer.

Sheet Objective Exam
A1: PHYSICAL EXAMINATION TEMPLATE
A2: Yellow columns are input columns. Two distinctions organise the whole examination — see the note at the foot of the sheet.
A3: Section | B3: Item | C3: How to Test / What to Look For | D3: Involved (fill in) | E3: Uninvolved (fill in) | F3: Interpretation
A4: Observation | B4: Posture & scapular position | C4: Resting scapular position, winging, thoracic kyphosis, forward head | D4: e.g. protracted, kyphotic | E4: similar | F4: Postural contribution is modifiable and often central
A5: Observation | B5: Muscle bulk | C5: Supraspinatus and infraspinatus fossae; deltoid contour | F5: ISOLATED infraspinatus wasting = suprascapular nerve until proven otherwise
A6: Observation | B6: Movement quality | C6: Scapulohumeral rhythm, painful arc, willingness to move, symmetry | F6: Observe LOWERING as well as raising — it often reveals more
A7: Observation | B7: Deformity / swelling | C7: AC step, prominence, effusion after trauma | F7: A step at the AC joint grades the Rockwood injury
A8: Palpation | B8: AC joint | C8: Point tenderness | F8: AC joint sprain or OA
A9: Palpation | B9: Greater tuberosity / cuff insertion | C9: Tenderness | F9: Rotator cuff pathology
A10: Palpation | B10: Bicipital groove (LHB) | C10: Tenderness in a narrow strip | F10: Long head of biceps tendinopathy
A11: Palpation | B11: Subacromial region | C11: Tenderness | F11: Subacromial pain (RCRSP)
A12: Palpation | B12: Scapular border / periscapular | C12: Tenderness | F12: Scapulothoracic or cervical referral
A13: Palpation | B13: Sternoclavicular joint | C13: Tenderness, prominence or depression | F13: A DEPRESSION suggests posterior dislocation — a mediastinal emergency
A14: Range (active) | B14: Elevation (degrees) & painful arc | C14: Goniometry; record the arc where pain occurs | F14: Painful arc 60-120 degrees is part of the RCRSP cluster
A15: Range (passive) | B15: Elevation (degrees) | C15: Supine, scapula stabilised | F15: PASSIVE vs ACTIVE is the key comparison — see the note below
A16: Range (passive) | B16: External rotation at 0 deg abduction | C16: Elbow at the side, scapula stabilised | F16: THE most important single measurement — lost first and most in frozen shoulder
... A40: Function | B40: Functional reach tasks | C40: Hand to head, hand to opposite shoulder, hand behind back, overhead lift | F40: What the patient actually cares about — use as a re-test marker
A42: HOW TO FILL THIS SHEET
A43: • TWO DISTINCTIONS ORGANISE THE WHOLE EXAMINATION. First: pain-limited but FULL passive range (think RCRSP) versus a true CAPSULAR BLOCK to passive range (think frozen shoulder or OA). Second: weakness from PAIN versus weakness from a STRUCTURAL CUFF TEAR. Getting these two right routes the patient down the correct pathway.
A44: • Always stabilise the scapula when measuring rotation at 90 degrees abduction — without it the GIRD and total arc figures are worthless.
A45: • Transfer range and strength figures into the Progress Tracker, which calculates symmetry, the ER:IR ratio, GIRD and the total rotational arc automatically.
A46: • Row 4 shows an example entry in grey — overwrite it.

Sheet Special Tests
A1: SPECIAL TESTS
A2: No single shoulder test is definitive. Many named "impingement" tests are sensitive but not specific — read them as symptom provocation, not structure identification.
A3: Category | B3: Test | C3: Targets | D3: Positive Finding | E3: Clinical Note
A4: Subacromial / RCRSP | B4: Painful arc / Hawkins / Neer | C4: Subacromial structures | D4: Pain provoked | E4: Symptom provocation, NOT structure-specific - read as a cluster
A5: Cuff | B5: Empty can (Jobe) | C5: Supraspinatus | D5: Pain and/or weakness | E5: Distinguish pain-limited from truly weak
A6: Cuff | B6: Full can | C6: Supraspinatus | D6: Weakness on resisted scaption, thumb up | E6: Better tolerated than empty can for strength assessment
A7: Cuff | B7: External rotation resistance / lag sign | C7: Infraspinatus, teres minor | D7: Inability to hold passively placed external rotation | E7: A LAG SIGN SUGGESTS A TEAR - high specificity
A8: Cuff | B8: Drop arm sign | C8: Supraspinatus | D8: Inability to lower the arm smoothly from abduction | E8: High specificity for a large full-thickness tear
A9: Cuff | B9: Hornblower's sign | C9: Teres minor | D9: Inability to externally rotate at 90 degrees abduction | E9: Posterosuperior cuff involvement
A10: Subscapularis | B10: Lift-off | C10: Subscapularis (lower) | D10: Inability to lift the hand off the lower back | E10: Requires adequate internal rotation range
A11: Subscapularis | B11: Belly press | C11: Subscapularis (upper) | D11: Elbow drops back when pressing on the abdomen | E11: Best tolerated subscapularis test
A12: Subscapularis | B12: Bear hug | C12: Subscapularis (upper) | D12: Inability to resist the hand being lifted off the opposite shoulder | E12: Sensitive for an upper subscapularis tear
A13: Capsule | B13: Passive ROM (especially external rotation) | C13: Capsule | D13: Global restriction with a firm capsular end-feel | E13: THE key discriminator: capsular block + intact cuff = frozen shoulder or OA
A14: Instability | B14: Apprehension test | C14: Anterior instability | D14: APPREHENSION (not pain) in abduction-external rotation | E14: Apprehension, not pain, is the positive finding
... A33: Range | B33: GIRD / total rotational arc | C33: Overhead athlete screening | D33: Internal rotation at 90 deg abduction, scapula stabilised, both sides | E33: The TOTAL ARC deficit matters more than GIRD alone

Sheet Clusters & Classification
A1: DIAGNOSTIC CLUSTERS & CLASSIFICATION FRAMEWORKS
A2: Clustering beats any single test. Then match the label to a management pathway.
A3: Cluster | B3: Feature 1 | C3: Feature 2 | D3: Feature 3 | E3: Working Diagnosis
A4: CLUSTER 1 | B4: Anterolateral shoulder pain with elevation and overhead activity, and night pain | C4: Painful arc; positive provocation tests; pain-limited but relatively PRESERVED passive range | D4: Pain and/or weakness on resisted cuff tests WITHOUT a true capsular block | E4: Rotator cuff-related shoulder pain (RCRSP)
A5: CLUSTER 2 | B5: Insidious onset; painful then progressively stiff shoulder | C5: Global loss of PASSIVE range in a capsular pattern - early, marked loss of external rotation | D5: Intact rotator cuff; often diabetes or thyroid disease; disproportionate night pain in the painful stage | E5: Frozen shoulder (adhesive capsulitis)
A6: CLUSTER 3 | B6: Significant traumatic event with dislocation or subluxation (often abduction-external rotation) | C6: Apprehension in the abducted, externally rotated position; positive relocation | D6: Often a Bankart lesion; younger patients have high recurrence risk | E6: Traumatic anterior instability (Stanmore Polar I)
A8: THE ONE-LINE DIFFERENTIATORS
A9: • Overhead pain + painful arc + night pain, with preserved passive range = RCRSP
A10: • Global loss of PASSIVE range (especially early external rotation) with an intact cuff = frozen shoulder
A11: • Traumatic dislocation + apprehension = structural instability (Stanmore Polar I)
A12: • Non-structural, muscle-patterning instability = Polar III (retrain, do not operate)
A13: • Sudden weakness or loss of elevation after trauma = acute cuff tear (timely surgical assessment)
A14: • AC point pain on cross-body reach = AC joint
A15: • Constant or night pain unrelated to movement, with systemic features = screen for serious pathology
A17: Framework | B17: Category / Stage | C17: What It Means | D17: Management Implication
A18: RCRSP umbrella (contemporary terminology) | B18: Rotator cuff-related shoulder pain | C18: Encompasses cuff tendinopathy, subacromial pain and what was formerly called 'impingement' | D18: Subacromial space size and 'impingement' morphology correlate poorly with pain; decompression is no better than placebo (CSAW); progressive exercise is first-line (GRASP). Diagnose the pattern, not a mechanical pinch
A19: Stanmore (Bayley) instability | B19: Polar Type I - Traumatic structural | C19: Clear trauma, unidirectional, structural lesion (e.g. Bankart). Equivalent to TUBS | D19: Rehabilitation plus surgical stabilisation opinion, especially in the young contact athlete
A20: Stanmore (Bayley) instability | B20: Polar Type II - Atraumatic structural | C20: No significant trauma but structural or capsulolabral deficiency, often from repetitive microtrauma | D20: Progressive control and capacity rehabilitation; surgical opinion selectively
A21: Stanmore (Bayley) instability | B21: Polar Type III - Muscle patterning (non-structural) | C21: Abnormal muscle recruitment WITHOUT a structural lesion; may be positional or voluntary | D21: Specific motor-control retraining and biofeedback - NOT surgery (poorer surgical outcomes). Patients can move between poles over time
A22: Frozen shoulder staging | B22: Stage 1 - Painful / pre-adhesive | C22: Pain dominant, often severe night pain; range beginning to reduce | D22: Pain control and gentle pain-guided range; corticosteroid injection has its best effect here. Do NOT stretch aggressively
A23: Frozen shoulder staging | B23: Stage 2 - Freezing | C23: Increasing stiffness with continuing pain | D23: Progressive stretching and loading WITHIN tolerance; match effort to irritability
A24: Frozen shoulder staging | B24: Stage 3 - Frozen | C24: Stiffness dominant, pain settling | D24: Now stretch and load - end-range mobilisation, sustained stretch and progressive strengthening
A25: Frozen shoulder staging | B25: Stage 4 - Thawing | C25: Range gradually returning | D25: Restore full range and strength; reverse the deconditioning of the earlier stages
A26: Tendinopathy continuum (cuff) | B26: Reactive / Dysrepair / Degenerative | C26: As in other tendons - guides how aggressively to load | D26: Reactive: reduce peak load, isometrics for analgesia. Dysrepair/degenerative: heavy slow resistance to build capacity around the pathology
A27: Pain mechanism | B27: Nociceptive / Neuropathic / Nociplastic | C27: Nociceptive: clear load-pain relationship. Neuropathic: burning, paraesthesia, positive neural signs. Nociplastic: disproportionate, spreading, poor load-pain correlation | D27: Nociceptive responds to load management; neuropathic needs the neural source addressed; nociplastic needs pain education and graded exposure
A29: CLINICAL PEARL
A30: • Match the label to a management PATHWAY. RCRSP → progressive cuff and scapular loading. Frozen shoulder → stage- and irritability-based care. Instability → Stanmore pole (structural → consider surgery; muscle-patterning → control retraining).
A31: • Getting the framework right at the outset prevents the two commonest errors: loading a highly irritable frozen shoulder, and operating on a muscle-patterning instability.
A32: • Patients can MOVE BETWEEN Stanmore poles over time — the classification is a dynamic triangle, not a fixed label.

Sheet Imaging Guide
A1: IMAGING GUIDE
A2: Most shoulder pain is a clinical diagnosis. Image to answer a specific question — not to confirm an obvious RCRSP or frozen shoulder.
A3: Modality | B3: When to Request | C3: What It Answers | D3: Interpretation Caution
A4: Clinical examination alone | B4: The majority of atraumatic presentations | C4: RCRSP, frozen shoulder, AC joint pain, scapular dyskinesis | D4: Most shoulder pain is a clinical diagnosis. Image to answer a specific question, not to confirm an obvious RCRSP or frozen shoulder
A5: Plain radiographs | B5: Trauma; suspected OA, calcific deposit, fracture, dislocation; before and after any reduction | C5: Glenohumeral OA, calcific deposits (and Gartner type), acromial and AC changes, fracture, dislocation, bony Bankart, Hill-Sachs | D5: The AXILLARY view is essential - posterior dislocation is missed on AP films alone
A6: Ultrasound | B6: Cuff tendinopathy and tears; long head of biceps; subacromial bursa; calcific deposits; guiding injection and barbotage | C6: Dynamic, inexpensive soft-tissue assessment; excellent first-line tool in experienced hands | D6: Operator-dependent
A7: MRI | B7: Cuff tear size, retraction and muscle quality; capsular and bone pathology; failure to progress | C7: Tear size and retraction, Goutallier fatty infiltration, marrow signal, cyst | D7: Cuff tears, labral change and acromial variants are extremely common in PAIN-FREE shoulders and rise steeply with age
A8: MR arthrography | B8: Labral pathology - Bankart, SLAP; instability work-up | C8: Labral detachment, capsular injury, paralabral cyst | D8: Improves labral sensitivity; reserve for surgical decision-making or diagnostic uncertainty
A9: CT (with 3D reconstruction) | B9: Glenoid bone loss quantification; fracture planning; glenoid version | C9: Percentage glenoid bone loss (en face), Hill-Sachs size and glenoid track, Walch morphology | D9: Essential before instability surgery - bone loss changes the operation
A10: Nerve conduction studies / EMG | B10: Suspected nerve palsy or plexopathy | C10: Denervation pattern, conduction block, reinnervation on serial testing | D10: Also provides a baseline against which recovery is tracked
A11: Chest imaging | B11: Constant night pain with a smoking history; suspected apical lesion; cervical rib | C11: Pancoast tumour, cervical rib, apical pathology | D11: Do not omit where the pain is NOT reproducible on examination
A12: Joint aspiration | B12: Acute hot swollen shoulder; suspected sepsis | C12: Cell count, Gram stain, culture | D12: URGENT where sepsis is suspected
A14: WHEN TO IMAGE
A15: • Trauma with suspected fracture, dislocation or acute cuff tear
A16: • Suspected surgical pathology (significant cuff tear, structural instability, advanced OA)
A17: • Red flags for malignancy, infection or an atypical presentation
A18: • Failure to respond to appropriate loaded rehabilitation
A20: RED FLAG — IMAGING INTERPRETATION
A21: • Structural findings are extremely common in PAIN-FREE shoulders — cuff tears (especially degenerative), labral change and acromial variants appear on imaging in many asymptomatic people, rising steeply with age.
A22: • Acromiohumeral distance and "impingement" morphology correlate POORLY with pain.
A23: • A scan finding does not by itself explain the patient's pain — treat the patient, not the scan.
A24: • Reframing imaging findings for the patient is itself a high-value intervention.

Sheet Phased Programme
A1: PHASED MANAGEMENT PROGRAMME
A2: Progress by capacity, not calendar — and match intensity to irritability.
A3: Phase | B3: Name | C3: Typical Timing | D3: Goal | E3: Content | F3: Markers Tracked | G3: Exit Criteria
A4: Phase 0 | B4: Screen & Settle | C4: 0 - as required | D4: Exclude serious pathology; clear the neck; settle irritability; protect healing or repaired tissue | E4: Red flag and cervical screen; grade irritability; pain control; protected range and sling per diagnosis or surgeon; low-load isometrics for analgesia; maintain elbow, wrist, hand and thoracic mobility; EDUCATION - load-capacity model, imaging reframing, realistic timelines | F4: Night pain score; pain at rest; available pain-free range; irritability grade | G4: Night pain reducing; pain-free range established; the patient understands the plan and the timeline
A5: Phase 1 | B5: Restore Motion & Activate | C5: Weeks 0-4 | D5: Restore range appropriate to the diagnosis; re-establish scapular control; activate the cuff | E5: Range work MATCHED TO IRRITABILITY (gentle in the painful stage of frozen shoulder, aggressive in secondary stiffness); scapular setting and serratus activation; isometric cuff holds 5 x 30-45 s daily; thoracic mobility; low-load isotonic cuff work as irritability allows | F5: Passive and active range in all planes; scapular control; cuff activation | G5: Full or near-full available range; loading into acceptable pain (<=5/10 settling within 24 h); scapular control established
A6: Phase 2 | B6: Build Capacity | C6: Weeks 4-12 | D6: Build cuff and scapular strength and endurance through the available range | E6: Heavy slow resistance 3-4 sets, 8-12 RM, 3 s up / 3 s down, 2-3x/week; serratus anterior and lower trapezius loading; closed-chain work; ENDURANCE work to fatigue, not just peak strength | F6: External and internal rotation strength LSI; ER:IR ratio; scapular control under load; endurance to fatigue | G6: Strength LSI >=80%; scapular control maintained under load and at fatigue; full available range under load
A7: Phase 3 | B7: Functional & Overhead Loading | C7: Weeks 8-20 | D7: Restore overhead capacity, control and rate of force development | E7: Progressive elevation and overhead loading; scapular integration; plyometric work (medicine-ball throws, rebounders, plyometric push-ups); eccentric posterior cuff work for deceleration; kinetic-chain integration from legs and trunk | F7: Overhead load tolerance; plyometric tolerance; eccentric posterior cuff capacity | G7: Full overhead loading tolerated; plyometric progression completed without symptom escalation
A8: Phase 4 | B8: Sport / Occupation-Specific & Discharge | C8: Weeks 12+ (5-9 months post surgery) | D8: Replicate sport and occupational demands and prove readiness | E8: Interval throwing or serving programme; sport-specific drills; contact and confidence progression for instability; occupational task simulation; graded return with load monitoring (acute:chronic workload, throwing and overhead volume) | F8: Full return-to-sport battery; throwing or serving volume tolerance; confidence and psychological readiness | G8: Symmetrical range and strength; control at speed and load; no apprehension in sport positions; psychological readiness
A10: MASTER TREATMENT ALGORITHM
A11: • CONFIRM the diagnosis and set re-testable markers (pain-free elevation, passive external rotation, cuff strength, night-pain score)
A12: • EDUCATE: load-capacity model, imaging reframing, realistic timelines, activity modification
A13: • CORE CARE (0-12 weeks): irritability-matched progressive cuff and scapular loading plus kinetic-chain work; STAGE-BASED care for frozen shoulder; STANMORE-DIRECTED care for instability
A14: • REASSESS at 4-6 weeks against baseline markers. Improving -> progress toward functional and overhead loading. Not improving -> audit adherence, irritability, dosage and diagnosis
A15: • STALLED (>8-12 weeks): calcific disease -> ESWT or barbotage; add NMES where activation is poor; consider corticosteroid or hydrodilatation to enable rehab; re-screen red flags, the neck and whole-person factors
A16: • SURGICAL INDICATION: refer for defined indications (acute cuff tear, recurrent structural instability, refractory frozen shoulder, end-stage OA) - NOT routine decompression
A18: PRINCIPLES OF LOAD MANAGEMENT
A19: • Relative, not complete, rest — de-loaded tissue and muscle lose capacity quickly.
A20: • MATCH INTENSITY TO IRRITABILITY. Highly irritable shoulders (including the painful stage of frozen shoulder) need gentler, pain-guided input; low-irritability shoulders tolerate progressive loading.
A21: • For RCRSP, loading INTO ACCEPTABLE PAIN (<=5/10 settling within 24 h) is safe and effective — pain-free is NOT required, and waiting for pain-free movement delays progress.
A22: • For frozen shoulder, pushing hard into a painful irritable capsule backfires, while a stiff-but-settled shoulder needs progressive stretch and load. READING IRRITABILITY CORRECTLY IS THE KEY CLINICAL SKILL.
A23: • Progress by capacity, not calendar; treat the scapula and kinetic chain, not just the glenohumeral joint.

Sheet Exercise & Dosage
A1: EXERCISE PRESCRIPTION & DOSAGE LIBRARY
A2: Match the diagnosis to a loading strategy and a stage. Adjust volume to irritability.
A3: Loading Category | B3: Purpose | C3: Example Exercises | D3: Dosage | E3: Best Suited To
A4: Isometric / low-load | B4: Analgesia; irritable stage; early activation | C4: Isometric external and internal rotation at 0 deg; isometric elevation holds; scapular setting | D4: 5 x 30-45 s cuff holds, daily | E4: Irritable RCRSP, reactive cuff tendinopathy, painful-stage frozen shoulder, post-injury inhibition
A5: Heavy slow resistance | B5: Build cuff and scapular capacity | C5: Band or cable external and internal rotation at 0 and 90 deg; full can; prone external rotation; rows | D5: 3-4 sets, 8-12 RM, 3 s up / 3 s down, 2-3x/week | E5: RCRSP, cuff tendinopathy, partial and degenerative tears, post-repair from 12 weeks
A6: Functional / overhead | B6: Restore overhead capacity and control | C6: Progressive scaption and overhead press; wall slides into overhead; loaded carries; scapular integration | D6: Progressive elevation and overhead loading, 2-3x/week | E6: RCRSP, cuff pathology, overhead workers and athletes
A7: Sport-specific | B7: Return to demand | C7: Interval throwing or serving programme; sport skill circuits; contact progression | D7: Staged, alternate days; monitor load | E7: All athletic shoulders before discharge
A8: Cuff endurance | B8: Endurance under fatigue - often the actual deficit in overhead work | C8: High-repetition band work; sustained holds; repeated overhead reach to fatigue | D8: 2-3 sets to fatigue, 3-5x/week | E8: Overhead workers and athletes; swimmers
A9: Serratus anterior | B9: Scapular upward rotation and posterior tilt | C9: Wall slides, serratus punch, protraction with load, push-up plus | D9: 3-4 sets, 10-15 reps, 3-5x/week | E9: Scapular dyskinesis, RCRSP, MDI, long thoracic palsy recovery
A10: Lower trapezius | B10: Scapular upward rotation and depression | C10: Prone Y raise, prone horizontal abduction with external rotation, side-lying forward flexion | D10: 3-4 sets, 10-15 reps, 3-5x/week | E10: Scapular dyskinesis, RCRSP, overhead athletes
A11: Closed-chain / rhythmic stabilisation | B11: Cuff co-contraction and joint position sense | C11: Quadruped weight shift, wall push-up plus, unstable surface work, rhythmic stabilisation | D11: 3-4 sets, 30-45 s, 3-5x/week | E11: Instability (all Stanmore poles), MDI, post-stabilisation
A12: Motor-control retraining | B12: Correct abnormal recruitment | C12: Biofeedback (EMG or mirror) work inhibiting pectoralis major, latissimus and deltoid over-activity while restoring cuff co-contraction | D12: Low load, high frequency, daily | E12: Stanmore Polar III muscle-patterning instability - the treatment, not an adjunct
A13: Posterior capsule mobility | B13: Correct GIRD and posterior tightness | C13: Sleeper stretch, cross-body adduction stretch (technique matters) | D13: 3-5 x 30 s, daily | E13: Overhead athletes with GIRD, internal impingement
A14: Deltoid retraining | B14: Elevation where the cuff is deficient | C14: Supine elevation progressing to inclined then upright, with and without load | D14: 3 sets, 10-15 reps, daily initially | E14: Massive irreparable cuff tear, cuff tear arthropathy, post reverse arthroplasty
A15: Thoracic mobility | B15: Restore the platform for elevation | C15: Foam roller extension, open-book rotation, quadruped rotation | D15: 2-3 sets, 10 reps, daily | E15: Almost every shoulder presentation - a near-universal contributor
A17: THE GENERIC LOADING PROGRESSION (Appendix B)
A18: • Stage 1 — Isometric / low-load cuff activation for pain and early capacity.
A19: • Stage 2 — Heavy slow resistance / isotonic cuff and scapular strengthening.
A20: • Stage 3 — Functional and overhead loading; kinetic-chain integration.
A21: • Stage 4 — Sport or occupation-specific loading (throwing, overhead work).
A22: • Thoracic mobility runs through all four stages — a near-universal contributor that costs nothing to include.
A23: • Motor-control retraining is the TREATMENT for Stanmore Polar III, not an adjunct — strengthening alone without control retraining does not work.

Sheet Adjuncts & Advanced
A1: ADJUNCTS, ADVANCED THERAPEUTICS & REFERRAL OPTIONS
A2: These open a comfort window for loading. On their own they build no capacity — with one exception: education.
A3: Tier | B3: Intervention | C3: Role | D3: Evidence Position | E3: Practical Note
A4: Adjunct | B4: Education & reassurance | C4: Foundational for ALL shoulder pain | D4: A high-value intervention in its own right | E4: Reframe imaging findings, load safety and prognosis; explain that decompression is no better than placebo for RCRSP
A5: Adjunct | B5: Manual therapy / mobilisation | C5: Adjunct for pain and range | D5: Combine with exercise; useful in stiffness; not stand-alone | E5: Always pair the session with a loading progression
A6: Adjunct | B6: Scapular taping / cueing | C6: Symptom modification to enable exercise | D6: Short-term effect | E6: Use it to unlock better movement, then load
A7: Adjunct | B7: AC joint offloading tape | C7: Offloading the AC joint during return to sport | D7: Practically effective in AC pathology | E7: Particularly useful for contact sport return
A8: Adjunct | B8: Activity / ergonomic modification | C8: Reduce provocative overhead and pressing load | D8: Central to RCRSP and AC/biceps conditions | E8: Modify bench depth, dips, overhead volume, workstation and tool height
A9: Adjunct | B9: Analgesia (as advised) | C9: Enable engagement with exercise | D9: Adjunct within a wider plan | E9: Especially valuable for night pain
A10: Adjunct | B10: Sling / immobilisation | C10: Protection after trauma or surgery | D10: Short-term only | E10: Prolonged immobilisation after dislocation does NOT reduce recurrence
A11: Advanced | B11: ESWT | C11: Calcific tendinopathy (supportive evidence); non-calcific cuff tendinopathy (less consistent) | D11: Strongest evidence in CALCIFIC disease specifically | E11: Position as an adjunct to loading, never a replacement
A12: Advanced | B12: Ultrasound-guided barbotage | C12: Symptomatic calcific deposits | D12: Effective for aspirating and breaking up deposits | E12: Dense Gartner type I deposits carry a less favourable prognosis
A13: Advanced | B13: Hydrodilatation | C13: Frozen shoulder - to stretch and expand the capsule | D13: An adjunct in appropriate cases | E13: Follow immediately with intensive range work
A14: Advanced | B14: NMES | C14: Cuff or scapular activation where inhibition is marked | D14: Useful adjunct where voluntary activation is poor | E14: Superimpose on voluntary contraction, do not replace it
... A20: Referral | B20: Surgery - defined indications | C20: Acute traumatic cuff tear; recurrent structural instability; selected large or functionally limiting cuff tears; refractory frozen shoulder (MUA/release); end-stage OA and cuff arthropathy (arthroplasty) | D20: Reserved for defined indications | E20: SUBACROMIAL DECOMPRESSION IS NOT SUPPORTED FOR RCRSP (CSAW)
A22: SEQUENCING ADVANCED CARE
A23: • Optimise loading + education + adjuncts for 8-12 weeks (stage-based for frozen shoulder).
A24: • If stalled: calcific disease → ESWT or barbotage; add NMES where activation is poor — CONTINUE loading throughout.
A25: • Consider corticosteroid or hydrodilatation to enable rehabilitation in appropriate cases; PEMF, laser and TENS as low-risk adjuncts.
A26: • Refer for surgical opinion for DEFINED indications (acute cuff tear, recurrent structural instability, refractory frozen shoulder, end-stage OA) — not routine decompression.
A27: • The commonest reason advanced modalities disappoint is that they are used INSTEAD of loading rather than WITH it — and for RCRSP the evidence is clear that decompression adds nothing over placebo.
A28: • EDUCATION is the exception: for the shoulder it is a high-value intervention in its own right.

Sheet Post-Surgical Guide
A1: ARTHROSCOPIC SHOULDER SURGERY — PROTECTION & RETURN-TO-SPORT GUIDE
A2: All 9 categories and 35 procedures from the infographic. Timelines are general guidelines — ALWAYS follow the specific protocol provided by the operating surgeon.
A3: # | B3: Procedure Category | C3: Procedure | D3: Indication | E3: MOVEMENTS TO AVOID | F3: Protection (period) | G3: Running | H3: Gym / Weight Training | I3: Contact / Overhead Sport
A4: 1 | B4: Anterior Instability Procedures | C4: Bankart Repair | D4: Recurrent anterior instability with Bankart lesion | E4: External rotation; ABER position; sudden overhead movements | F4: 4-6 weeks | G4: 6 weeks | H4: 12 weeks | I4: 5-6 months
A5: 1 | B5: Anterior Instability Procedures | C5: Remplissage | D5: Engaging / off-track Hill-Sachs lesion | E5: External rotation; horizontal abduction | F5: 6 weeks | G5: 6 weeks | H5: 12-16 weeks | I5: 6 months
A6: 1 | B6: Anterior Instability Procedures | C6: ASHA (Subscapularis Augmentation) | D6: Subcritical bone loss; recurrent instability | E6: External rotation; extension; ABER position | F6: 6 weeks | G6: 6 weeks | H6: 12 weeks | I6: 5-6 months
A7: 1 | B7: Anterior Instability Procedures | C7: DAS (Dynamic Anterior Stabilization) | D7: Subcritical bone loss; high-risk instability | E7: External rotation; extension; resisted elbow flexion | F7: 6 weeks | G7: 6 weeks | H7: 12 weeks | I7: 5-6 months
A8: 1 | B8: Anterior Instability Procedures | C8: HAGL Repair | D8: Humeral avulsion of glenohumeral ligament | E8: External rotation; abduction | F8: 6 weeks | G8: 6 weeks | H8: 12 weeks | I8: 5-6 months
A9: 1 | B9: Anterior Instability Procedures | C9: Capsular Shift / Plication | D9: Capsular laxity; multidirectional instability | E9: Stretching into the instability direction | F9: 6 weeks | G9: 6 weeks | H9: 12 weeks | I9: 5-6 months
A10: 2 | B10: Posterior Instability Procedures | C10: Posterior Labral Repair (Reverse Bankart) | D10: Posterior shoulder instability | E10: Internal rotation; horizontal adduction; pushing activities | F10: 6 weeks | G10: 6 weeks | H10: 12 weeks | I10: 5-6 months
A11: 2 | B11: Posterior Instability Procedures | C11: Posterior Capsular Plication | D11: Posterior capsular laxity | E11: Internal rotation; cross-body stretching | F11: 6 weeks | G11: 6 weeks | H11: 12 weeks | I11: 5-6 months
A12: 3 | B12: Biceps-Labral Procedures | C12: SLAP Repair | D12: Type II SLAP lesions in young athletes | E12: Resisted elbow flexion; resisted supination; throwing position | F12: 6 weeks | G12: 8 weeks | H12: 12-16 weeks | I12: 6-9 months
A13: 3 | B13: Biceps-Labral Procedures | C13: Biceps Tenodesis | D13: Biceps tendinopathy; SLAP lesion in older athletes | E13: Resisted elbow flexion; supination | F13: 4-6 weeks | G13: 6 weeks | H13: 10-12 weeks | I13: 4-6 months
A14: 3 | B14: Biceps-Labral Procedures | C14: Biceps Tenotomy | D14: Degenerative biceps pathology | E14: Minimal restrictions | F14: 1-2 weeks | G14: 4 weeks | H14: 6-8 weeks | I14: 3-4 months
A15: 3 | B15: Biceps-Labral Procedures | C15: Labral Debridement | D15: Degenerative or stable labral tears | E15: As tolerated | F15: Minimal | G15: 4 weeks | H15: 6-8 weeks | I15: 3 months
... A38: 9 | B38: Other Arthroscopic Procedures | C38: Suprascapular Nerve Release | D38: Suprascapular neuropathy | E38: Minimal restrictions | F38: As tolerated | G38: 4 weeks | H38: 8-12 weeks | I38: 3-4 months
A40: Restriction | B40: What It Means | C40: Applies To
A41: EXTERNAL ROTATION | B41: Avoid external rotation - it stresses the anterior repair or graft | C41: Most anterior instability and bone augmentation procedures: Bankart, Remplissage, ASHA, DAS, HAGL, Latarjet, Eden-Hybinette, DTA, bone block
A42: ABER POSITION (abduction + external rotation) | B42: Avoid the combined apprehension position entirely during protection | C42: Anterior instability and bone block procedures: Bankart, ASHA, Latarjet, Eden-Hybinette, arthroscopic bone block
A43: INTERNAL ROTATION / HORIZONTAL ADDUCTION | B43: Avoid the posterior loading position; no pushing or cross-body stretching | C43: Posterior instability procedures: posterior labral repair, posterior capsular plication
A44: RESISTED ELBOW FLEXION / SUPINATION | B44: Avoid loading the biceps at its attachment | C44: Biceps and SLAP related procedures: SLAP repair, biceps tenodesis, DAS
A45: ACTIVE ELEVATION / OVERHEAD LOADING | B45: No active elevation or overhead loading - the repair cannot yet take the cuff load | C45: Rotator cuff repairs and reconstructions: all cuff repairs, SCR, balloon spacer, tuberoplasty, patch augmentation
A46: NO RESTRICTION - IMMEDIATE MOTION | B46: The risk is re-stiffening; intensive daily range work IS the treatment | C46: Stiffness procedures: capsular release, MUA + arthroscopy, arthroscopic adhesiolysis
A48: GENERAL REHABILITATION PRINCIPLES
A49: • Protect the repair
A50: • Control pain and inflammation
A51: • Restore range of motion gradually
A52: • Restore strength in a progressive manner
A53: • Restore functional movement patterns
A54: • Return to sport based on criteria, not just time
A56: IMPORTANT
A57: • Timelines are general guidelines and may vary based on tissue quality, fixation, patient factors and surgeon preference
A58: • ALWAYS follow the specific post-operative protocol provided by the surgeon
A59: • Progress based on clinical criteria, not just time
A60: • Stiffness procedures REVERSE the usual logic - immediate motion is the treatment and immobilisation is the risk

Sheet Sport Profiles
A1: ATHLETIC SHOULDER — SPORT-SPECIFIC DEMANDS & INJURY RISK
A2: Twenty sports: what the shoulder is asked to do, what breaks, and what to manage on the way back.
A3: Sport | B3: Primary Shoulder Demands | C3: Movements | D3: Injury Risks | E3: RETURN & LOAD CONSIDERATIONS
A4: Football (soccer) | B4: Impact absorption; overhead reaching | C4: Throwing, blocking, tackling | D4: AC joint sprains, shoulder dislocations, rotator cuff tears | E4: Tackling and landing mechanics; instability confidence work before contact return; AC offloading taping for return
A5: Gymnastics | B5: Extreme overhead load; weight-bearing stability | C5: Handstands, swings, releases | D5: Labral tears, shoulder instability, rotator cuff overuse | E5: Closed-chain cuff co-contraction is the priority; cap skill repetitions; screen for hypermobility and manage as MDI where present
A6: Hockey | B6: Contact resilience; stick-handling power | C6: Shooting, checking, falls | D6: AC joint injuries, shoulder dislocations, clavicle fractures | E6: Instability and AC pathways dominate; confidence and control in contact positions before return
A7: Tennis | B7: High-velocity overhead; internal rotation power | C7: Serving, overhead smash, topspin | D7: Rotator cuff tendinopathy, SLAP tears, impingement | E7: Screen GIRD and total rotational arc; monitor serve and tournament volume; review grip size and string tension
A8: Sprinting | B8: Rhythmic arm drive; scapular stability | C8: Arm swing, drive phase | D8: Shoulder fatigue, scapular dyskinesis (low risk overall) | E8: Scapular endurance rather than strength; low shoulder injury burden - screen but do not over-treat
A9: Martial Arts | B9: Shoulder stability; impact absorption | C9: Strikes, throws, groundwork | D9: Shoulder dislocations, AC joint sprains, rotator cuff strains | E9: Instability control in end-range positions; grappling positions replicate the apprehension arc - progress deliberately
A10: Weightlifting | B10: Overhead stability; rotator cuff strength | C10: Snatch, clean & jerk, press | D10: Rotator cuff tears, AC joint overload, shoulder impingement | E10: Overhead position mobility (thoracic extension, external rotation); modify pressing depth and volume; AC and distal clavicle load management
A11: Dance / Ballet | B11: Controlled elevation; partner-lift mechanics | C11: Port de bras, lifts, overhead holds | D11: Rotator cuff overuse, shoulder fatigue, biceps tendinopathy | E11: Endurance under sustained elevation; partner-lift technique and volume; scapular control at fatigue
A12: CrossFit | B12: Multi-plane loading; overhead endurance | C12: Kipping pull-ups, snatches, push press | D12: Rotator cuff impingement, SLAP tears, AC joint stress | E12: Kipping volume is the key load metric; overhead position quality before volume; scale movements rather than stopping
A13: Rowing | B13: Repetitive retraction-protraction; endurance | C13: Catch, drive, finish, recovery | D13: Shoulder impingement, rotator cuff tendinopathy, biceps strain | E13: Scapular endurance; correct stroke sequencing; cap ergometer volume in favour of on-water work
A14: Cricket | B14: Explosive overhead; deceleration control | C14: Bowling, throwing, fielding | D14: Rotator cuff tears, SLAP lesions, shoulder impingement | E14: Posterior cuff eccentric capacity for deceleration; screen GIRD; apply age-appropriate bowling and throwing volume limits
... A23: Equestrian | B23: Rein control; fall impact absorption | C23: Rein handling, posting, falls | D23: Shoulder dislocations, AC joint injuries, clavicle fractures | E23: Fall-related trauma pathway dominates; instability and AC management; return-to-riding progression after fracture union
A25: ACTIVITY- & SPORT-SPECIFIC CONSIDERATIONS (Module 15.3)
A26: • OVERHEAD / THROWING athletes: rotational range and cuff/scapular capacity; interval throwing and serving programmes; kinetic-chain drive from legs and trunk.
A27: • COLLISION / CONTACT athletes: instability risk; staged control and confidence work; surgical opinion for recurrent structural instability.
A28: • GYM / WEIGHT TRAINING: modify provocative pressing and dips (RCRSP, AC joint, distal clavicular osteolysis); technique and volume management.
A29: • OCCUPATIONAL OVERHEAD WORK: task rotation, load and posture management alongside capacity building — endurance is the demand, not peak strength.

Sheet Return to Sport
A1: RETURN-TO-SPORT CRITERIA
A2: Discharge on capacity and control, not on comfort.
A3: Criterion | B3: Target | C3: How to Measure
A4: Range of motion | B4: Restored, symmetrical range including rotational range appropriate to the sport | C4: Goniometry; GIRD and total rotational arc in throwers
A5: Cuff and scapular strength | B5: Symmetrical cuff and scapular strength; limb symmetry approaching the uninvolved side | C5: Handheld or isokinetic dynamometry
A6: ER:IR ratio | B6: Approximately 0.66-0.75 in overhead athletes; a low ratio predicts injury | C6: Handheld or isokinetic dynamometry
A7: Cuff endurance | B7: Symmetrical endurance to fatigue, not just peak strength | C7: Repeated external rotation or overhead reach to fatigue
A8: Control at speed and load | B8: Demonstrated control through a throwing or overhead progression, and closed- and open-chain tolerance | C8: Interval throwing or serving programme; functional testing
A9: Scapular control | B9: No dyskinesis under load or at fatigue | C9: Observation under load and after a fatiguing protocol
A10: Instability - confidence | B10: Confidence and control WITHOUT apprehension in sport positions | C10: Apprehension testing; sport-position confidence drills
A11: Psychological readiness | B11: Confidence restored; no guarding | C11: SANE; patient-reported confidence; KJOC in overhead athletes
A12: Load monitoring | B12: Graded return with acute:chronic workload and throwing/overhead volume monitoring | C12: Weekly load tracking
A14: CLINICAL PEARL
A15: • A throwing athlete whose shoulder feels better but still has an ER/IR strength deficit, poor scapular control at speed, or residual apprehension is primed to relapse.
A16: • Prove strength, control and (for instability) CONFIDENCE in sport positions before releasing the load ceiling.
A17: • Use the Progress Tracker to calculate symmetry, the ER:IR ratio, GIRD and total arc, and to generate an automatic pass/fail against these criteria.
A18: • Cross-reference the Sport Profiles sheet for what the athlete's specific sport will ask of the shoulder on return.

Sheet Progress Tracker
A1: PROGRESS TRACKER & READINESS CALCULATOR
A2: Enter values in the yellow cells only. Range, symmetry, ER:IR ratio, GIRD and total rotational arc calculate automatically.
A4: PATIENT & CASE DETAILS
A5: Patient ID / initials | B5: e.g. PR-041 | F5: Desired activity goal for this condition:
A6: Condition (as listed in Master Matrix) | B6: Subacromial Impingement (now: RCRSP) | F6: =IFERROR(INDEX('Master Matrix'!L$4:L$43,MATCH($B$6,'Master Matrix'!$H$4:$H$43,0)),"Enter a condition exactly as listed in the Master Matrix") -> Pain-free overhead reach and sustained above-shoulder work; return to pressing and swimming volume
A7: Involved side | B7: Right
A8: Assessment date
A10: RANGE OF MOTION (degrees) — target: symmetrical
A11: Movement | B11: Involved | C11: Uninvolved | D11: Unit | E11: Deficit | F11: Status | G11: Note
A12: Passive elevation | B12: 150 | C12: 175 | D12: deg | E12: =IF(OR(B12="",C12=""),"",C12-B12) -> 25 | F12: =IF(E12="","",IF(E12<=5,"SYMMETRICAL",IF(E12<=15,"MILD DEFICIT","RESTRICTED"))) -> RESTRICTED
A13: Active elevation | D13: deg | E13: =IF(OR(B13="",C13=""),"",C13-B13) | F13: =IF(E13="","",IF(E13<=5,"SYMMETRICAL",IF(E13<=15,"MILD DEFICIT","RESTRICTED")))
A14: Passive external rotation at 0 deg | D14: deg | E14: =IF(OR(B14="",C14=""),"",C14-B14) | F14: =IF(E14="","",IF(E14<=5,"SYMMETRICAL",IF(E14<=15,"MILD DEFICIT","RESTRICTED"))) | G14: THE key marker in frozen shoulder and glenohumeral OA
A15: Passive external rotation at 90 deg | D15: deg | E15: =IF(OR(B15="",C15=""),"",C15-B15) | F15: =IF(E15="","",IF(E15<=5,"SYMMETRICAL",IF(E15<=15,"MILD DEFICIT","RESTRICTED")))
A16: Passive internal rotation at 90 deg | D16: deg | E16: =IF(OR(B16="",C16=""),"",C16-B16) | F16: =IF(E16="","",IF(E16<=5,"SYMMETRICAL",IF(E16<=15,"MILD DEFICIT","RESTRICTED")))
A18: OVERHEAD ATHLETE — GIRD & TOTAL ROTATIONAL ARC
A19: GIRD (uninvolved IR minus involved IR) | B19: =IF(OR(B16="",C16=""),"",C16-B16) | E19: deg | F19: Pathological above approximately 20 degrees — but the total arc below matters more
A20: External rotation gain (involved ER minus uninvolved) | B20: =IF(OR(B15="",C15=""),"",B15-C15) | E20: deg | F20: A normal throwing adaptation; it offsets GIRD
A21: Total rotational arc — involved (ER + IR at 90 deg) | B21: =IF(OR(B15="",B16=""),"",B15+B16) | E21: deg | F21: The figure that actually predicts injury
A22: Total rotational arc — uninvolved | B22: =IF(OR(C15="",C16=""),"",C15+C16) | E22: deg
A23: TOTAL ARC DEFICIT | B23: =IF(OR(B15="",B16="",C15="",C16=""),"",(C15+C16)-(B15+B16)) | E23: deg | F23: A deficit greater than 5 degrees is the clinically meaningful threshold
A24: THROWER SCREENING FLAG | B24: =IF(B23="","Enter rotation at 90 degrees to calculate",IF(B23>5,"TOTAL ARC DEFICIT >5 deg — address posterior capsule and posterior cuff before increasing throwing volume","Total rotational arc acceptable")) -> Enter rotation at 90 degrees to calculate
A26: CUFF STRENGTH — LIMB SYMMETRY INDEX
A27: Measure | B27: Involved | C27: Uninvolved | D27: Unit | E27: LSI | F27: Status | G27: Note
A28: External rotation at 0 deg | B28: 9 | C28: 12 | D28: kg | E28: =IF(N(C28)=0,"",B28/C28) -> 0.75 | F28: =IF(E28="","",IF(E28>=$B$44,"PASS","NOT YET")) -> NOT YET
A29: Internal rotation at 0 deg | D29: kg | E29: =IF(N(C29)=0,"",B29/C29) | F29: =IF(E29="","",IF(E29>=$B$44,"PASS","NOT YET"))
A30: Abduction / full can | D30: kg | E30: =IF(N(C30)=0,"",B30/C30) | F30: =IF(E30="","",IF(E30>=$B$44,"PASS","NOT YET"))
A31: Cuff endurance (reps to fatigue) | D31: reps | E31: =IF(N(C31)=0,"",B31/C31) | F31: =IF(E31="","",IF(E31>=$B$44,"PASS","NOT YET"))
A32: ER:IR RATIO — involved side | B32: =IF(N(B29)=0,"",B28/B29) | C32: Uninvolved | D32: =IF(N(C29)=0,"",C28/C29) | E32: =IF(B32="","",IF(B32>=0.66,"Ratio acceptable (target 0.66-0.75 in overhead athletes)","LOW RATIO — posterior cuff deficit; a known injury risk factor"))
A34: RE-TESTABLE MARKERS — BASELINE vs CURRENT
A35: Marker | B35: Baseline | C35: Current | D35: Unit | E35: Change | F35: % Change | G35: Direction of improvement
A36: Pain-free elevation | B36: 90 | C36: 140 | D36: deg | E36: =IF(OR(B36="",C36=""),"",C36-B36) -> 50 | F36: =IF(OR(N(B36)=0,C36=""),"",(C36-B36)/B36) -> 0.55555556 | G36: Higher is better
A37: Night pain — wakings per night | D37: count | E37: =IF(OR(B37="",C37=""),"",C37-B37) | F37: =IF(OR(N(B37)=0,C37=""),"",(C37-B37)/B37) | G37: Lower is better
A38: Primary task pain (NRS 0-10) | D38: /10 | E38: =IF(OR(B38="",C38=""),"",C38-B38) | F38: =IF(OR(N(B38)=0,C38=""),"",(C38-B38)/B38) | G38: Lower is better
A39: Irritability grade (0-3) | D39: grade | E39: =IF(OR(B39="",C39=""),"",C39-B39) | F39: =IF(OR(N(B39)=0,C39=""),"",(C39-B39)/B39) | G39: Lower is better
A40: Scapular control under load (0-3) | D40: grade | E40: =IF(OR(B40="",C40=""),"",C40-B40) | F40: =IF(OR(N(B40)=0,C40=""),"",(C40-B40)/B40) | G40: Higher is better
A41: PROM score (SPADI / ASES / WOSI) | D41: points | E41: =IF(OR(B41="",C41=""),"",C41-B41) | F41: =IF(OR(N(B41)=0,C41=""),"",(C41-B41)/B41) | G41: Check the PROM's scoring direction
A43: RETURN-TO-SPORT / OVERHEAD-WORK READINESS
A44: LSI target threshold (editable) | B44: 0.9
A45: Strength tests entered | B45: =COUNT(E28:E31) -> 1
A46: Strength tests passed | B46: =COUNTIF(F28:F31,"PASS") -> 0
A47: Range measures symmetrical or mild | B47: =COUNTIF(F12:F16,"SYMMETRICAL")+COUNTIF(F12:F16,"MILD DEFICIT") -> 0
A48: Range measures entered | B48: =COUNT(E12:E16) -> 1
A49: Control demonstrated at speed and load (throwing / overhead progression) | B49: NO
A50: No scapular dyskinesis under load or at fatigue | B50: NO
A51: No apprehension in sport positions (instability cases) | B51: NO
A52: Psychological readiness; graded return plan with load monitoring in place | B52: NO
A54: OVERALL READINESS STATUS → | C54: =IF(COUNT(E28:E31)=0,"Enter test data to calculate",IF(AND(COUNT(E28:E31)>=3,COUNTIF(F28:F31,"NOT YET")=0,COUNTIF(F12:F16,"RESTRICTED")=0,COUNTIF(B49:B52,"YES")=4),"READY — all criteria met","NOT YET — criteria outstanding: continue loading and re-test")) -> NOT YET — criteria outstanding: continue loading and re-test
A56: HOW TO USE THIS SHEET
A57: • Yellow cells are inputs. Every other cell is a formula — do not overwrite them.
A58: • Passive external rotation at 0 degrees is the single most important measurement in the stiff shoulder — it is lost first and most in frozen shoulder.
A59: • Measure rotation at 90 degrees abduction WITH THE SCAPULA STABILISED, or the GIRD and total arc figures are meaningless.
A60: • The TOTAL ARC deficit predicts injury in throwers — GIRD alone can be a normal adaptation.
A61: • A low ER:IR ratio is an independent injury risk factor in overhead athletes. Chase the posterior cuff, not just overall strength.
A62: • Example values are pre-filled in the first range row, the first strength row and the first marker row — overwrite them.

Sheet Outcome Measures
A1: OUTCOME MEASURES
A2: One patient-reported measure plus two or three objective markers is the minimum baseline dataset.
A3: Measure | B3: Full Name | C3: What It Captures | D3: Scoring | E3: Best Suited To
A4: SPADI | B4: Shoulder Pain and Disability Index | C4: Pain and disability | D4: 0-100 (lower = better) | E4: General shoulder pain; responsive and widely used
A5: QuickDASH / DASH | B5: Disabilities of the Arm, Shoulder and Hand | C5: Upper-limb function and disability | D5: 0-100 (lower = better) | E5: Whole upper limb; useful across diagnoses
A6: Constant-Murley | B6: Constant-Murley score | C6: Pain, function, range and strength | D6: 0-100 (higher = better) | E6: Cuff tears, arthroplasty; includes objective components
A7: ASES | B7: American Shoulder and Elbow Surgeons score | C7: Pain and function | D7: 0-100 (higher = better) | E7: Cuff pathology, arthroplasty, instability
A8: Oxford Shoulder Score | B8: Oxford Shoulder Score | C8: Pain and function | D8: 0-48 (higher = better) | E8: Osteoarthritis and general shoulder pain
A9: WOSI | B9: Western Ontario Shoulder Instability Index | C9: Instability-specific quality of life | D9: 0-2100 (lower = better) | E9: The instability standard
A10: WORC | B10: Western Ontario Rotator Cuff Index | C10: Cuff-specific quality of life | D10: 0-2100 (lower = better) | E10: Cuff pathology
A11: KJOC | B11: Kerlan-Jobe Orthopaedic Clinic score | C11: Overhead athlete PERFORMANCE and function | D11: 0-100 (higher = better) | E11: Throwing and overhead athletes
A12: SANE | B12: Single Assessment Numeric Evaluation | C12: Overall shoulder rating as a percentage of normal | D12: 0-100% | E12: Quick global measure; tracks confidence
A13: Beighton score | B13: Generalised joint hypermobility | C13: Hypermobility screening | D13: 0-9 | E13: Essential in suspected MDI or atraumatic instability
A14: Pain-free elevation | B14: Objective capacity marker | C14: Elevation range before pain onset | D14: Degrees | E14: RCRSP; the primary re-test marker
... A17: Night-pain score | B17: Objective capacity marker | C17: Wakings per night or a 0-10 rating | D17: Count or 0-10 | E17: RCRSP, frozen shoulder, cuff tear - often the most meaningful change to the patient
A19: NOTES
A20: • Scoring DIRECTION differs between measures — SPADI, QuickDASH, WOSI and WORC improve as they FALL; ASES, Constant, Oxford and KJOC improve as they RISE.
A21: • The night-pain score is often the change that matters most to the patient, and it moves earlier than range or strength.
A22: • Record a Beighton score in any atraumatic instability presentation — it changes management entirely.

Sheet Whole-Person Screen
A1: WHOLE-PERSON & METABOLIC SCREEN
A2: A refractory shoulder is a cue to widen the lens — the shoulder is often the messenger, not the whole message.
A3: Factor | B3: Relevance to Shoulder Pain | C3: What to Screen | D3: Clinical Action | E3: Findings (fill in)
A4: Diabetes mellitus | B4: Strongly associated with frozen shoulder - more severe, more bilateral, slower - and with cuff pathology | C4: Screen glycaemic status where frozen shoulder is suspected | D4: Refer for medical review; change the expected trajectory and the counselling accordingly
A5: Thyroid dysfunction | B5: Associated with frozen shoulder | C5: Ask in every frozen shoulder presentation | D5: Refer for medical review where suspected
A6: Obesity / metabolic syndrome / dyslipidaemia | B6: Associated with tendinopathy via impaired tendon metabolism | C6: Screen in cuff tendinopathy, especially where progress stalls | D6: Medical co-management; set realistic longer timelines
A7: Physical inactivity / deconditioning | B7: Reduces cuff and scapular capacity and load tolerance | C7: Ask about general activity, not just the shoulder | D7: Promote general physical activity as part of the plan
A8: Psychosocial factors & sleep | B8: Fear-avoidance, low self-efficacy, catastrophising and poor sleep (night pain) predict poorer outcomes and sensitisation | C8: Ask what they think is wrong, what they fear, and how they are sleeping | D8: Address beliefs directly; manage night pain ACTIVELY - it is a major driver of distress and disability
A9: Smoking | B9: Associated with cuff pathology and impaired healing; also raises the index of suspicion for apical lung lesions | C9: Ask in every cuff presentation and every unexplained shoulder pain | D9: Cessation support; lower threshold for chest imaging in unexplained pain
A10: Cervical and thoracic spine | B10: The neck commonly refers to the shoulder; thoracic kyphosis and stiffness reduce available elevation | C10: Screen BOTH in every shoulder presentation | D10: Clear the neck before committing to a shoulder diagnosis; treat thoracic mobility alongside
A11: Generalised hypermobility | B11: Changes the entire management approach in instability - stretching and mobilisation make it worse | C11: Beighton score in any atraumatic instability presentation | D11: Consider hypermobility spectrum disorder; refer if systemic features suggest a heritable connective tissue disorder
A12: Expectations and timelines | B12: RCRSP and frozen shoulder recover over MONTHS; frozen shoulder in particular is often not quickly self-limiting | C12: Ask what timeline they expect | D12: Set realistic timelines from day one - mismatched expectation is a major cause of disengagement
A14: CLINICAL ACTIONS (Module 14.2)
A15: • A FROZEN SHOULDER IS A PROMPT TO CHECK METABOLIC HEALTH — undiagnosed or poorly controlled diabetes and thyroid disease are common, change the prognosis, and are worth flagging.
A16: • Address beliefs and fears directly — reassure about the safety of loading and the poor pain-correlation of imaging findings; use graded exposure for persistent pain.
A17: • Manage sleep and night pain ACTIVELY — they are major drivers of distress and disability in shoulder conditions.
A18: • Set realistic timelines: RCRSP and frozen shoulder recover over months, and frozen shoulder in particular is often NOT quickly self-limiting.

Sheet Red Flags
A1: RED FLAGS & TIME-SENSITIVE PRESENTATIONS
A2: Twelve presentations where a rehabilitation trial is the wrong first move.
A3: Presentation | B3: Features | C3: Action Required | D3: Why It Cannot Wait
A4: Malignancy (incl. Pancoast tumour, metastasis) | B4: Constant or night pain unrelated to movement; systemic features; weight loss; cancer history; Horner's signs or hand/arm neurology | C4: Urgent medical referral and chest imaging | D4: Shoulder pain not reproducible on examination is the classic presentation
A5: Acute traumatic rotator cuff tear | B5: Significant weakness or loss of active elevation after trauma | C5: Timely surgical assessment - a repair window exists | D5: Do not simply wait and see; outcomes decline with delay
A6: Unreduced dislocation / fracture | B6: Trauma with deformity, marked loss of movement or neurovascular compromise | C6: Urgent orthopaedic referral; obtain an AXILLARY view | D6: Posterior dislocation is missed on AP films alone
A7: Septic arthritis | B7: Hot, painful shoulder; systemically unwell | C7: URGENT - aspiration and antibiotics | D7: Cartilage destruction begins within days
A8: Referred visceral / cardiac | B8: Exertional pain with cardiovascular risk; left shoulder and arm pain with cardiac features | C8: EMERGENCY - same-day medical assessment | D8: Shoulder pain can be the presenting feature of cardiac ischaemia
A9: Axillary nerve injury | B9: Deltoid weakness or lateral shoulder sensory loss after dislocation or fracture | C9: Document BEFORE and AFTER reduction; refer if progressive | D9: Common after dislocation and routinely undocumented
A10: Vascular thoracic outlet / effort thrombosis | B10: Swollen, discoloured, cyanotic arm (venous) or a cold pulseless arm (arterial) | C10: EMERGENCY - urgent vascular referral | D10: Paget-Schroetter effort thrombosis needs thrombolysis
A11: Suprascapular neuropathy with cyst | B11: Isolated infraspinatus wasting | C11: MRI to exclude a compressive paralabral cyst | D11: Decompression alone recurs if the labral tear is not treated
A12: Cervical myelopathy | B12: Bilateral symptoms; gait disturbance; hand clumsiness; bladder change | C12: Urgent neurosurgical referral | D12: Progressive and often irreversible if missed
A13: Skeletally immature thrower | B13: Adolescent with throwing-related shoulder pain | C13: Image both shoulders and stop throwing completely | D13: Little League shoulder is a physeal stress injury and entirely preventable
A14: Fragility fracture in an older adult | B14: Proximal humeral fracture after a low-energy fall | C14: Refer for bone health and osteoporosis assessment alongside fracture management | D14: A first fragility fracture predicts the next
A15: Neuralgic amyotrophy | B15: Severe acute pain followed by profound patchy weakness | C15: Neurological referral and nerve conduction studies | D15: Frequently mistaken for a cuff problem for months
A17: SCREENING RULES
A18: • THE OVERRIDING RULE: if nothing in the physical examination reproduces the pain the patient came in with, that mismatch IS the finding. Refer for medical assessment.
A19: • Always test axillary nerve function BEFORE AND AFTER any shoulder reduction, and in every proximal humeral fracture.
A20: • Always obtain an AXILLARY view in suspected dislocation — posterior dislocation is missed on AP films and presents as a shoulder fixed in internal rotation.
A21: • In the over-40s, a shoulder dislocation tears the CUFF more often than the labrum — re-examine for weakness once the acute pain settles.

Sheet Case-Based Learning
A1: CASE-BASED LEARNING
A2: Four worked cases integrating reasoning from presentation to return.
A3: Case | B3: Presentation | C3: Reasoning | D3: Plan
A4: Case 1 - The painter with overhead pain | B4: 48-year-old who recently painted a ceiling over a weekend. Two months of anterolateral shoulder pain, worse reaching overhead and lying on it at night. Painful arc; pain (not a firm block) at end-range; pain and mild weakness on resisted external rotation; passive range near full; scapular dyskinesis on elevation. Cervical screen negative. | C4: No red flags; neck cleared; pain with PRESERVED passive range -> RCRSP (Cluster 1); a clear load spike; scapular contribution. | D4: Education (load-capacity, imaging reframing, that decompression is not needed) + progressive cuff and scapular loading INTO ACCEPTABLE PAIN; modify overhead volume; scapular cueing. Re-test pain-free elevation and night pain at 6 weeks. Avoid routine imaging and decompression.
A5: Case 2 - The stiff, painful shoulder | B5: 55-year-old with type 2 diabetes, 4 months of an increasingly stiff, painful shoulder. Marked global loss of PASSIVE range - especially external rotation - with a firm capsular end-feel; cuff strength intact when tested within available range; severe night pain. | C5: Capsular block to passive external rotation with an intact cuff, plus diabetes -> frozen shoulder (Cluster 2), currently in a painful and irritable stage. | D5: Stage-based care: prioritise pain control and gentle, pain-guided range NOW - avoid aggressive stretching of an irritable capsule; consider corticosteroid or hydrodilatation to settle the painful stage. Progress stretch and loading as irritability eases. Screen and optimise glycaemic control; counsel on the months-long trajectory.
A6: Case 3 - The young rugby player who dislocated | B6: 20-year-old who sustained a traumatic anterior dislocation in a tackle (arm abducted and externally rotated), reduced in the emergency department. Now apprehensive in the abduction-external rotation position; positive relocation; imaging shows a Bankart lesion. | C6: Traumatic, structural, unidirectional -> Stanmore Polar I anterior instability with high recurrence risk given age and sport. | D6: Structured rehabilitation (cuff and scapular control, staged return) AND early surgical stabilisation opinion given young age, contact sport and structural lesion. Criteria-based return to sport with restored control and confidence, not time alone.
A7: Case 4 - The acute severe deposit | B7: 44-year-old with sudden, severe shoulder pain over 3 days, no trauma, holding the arm still. Marked pain on most movements; imaging shows a rotator cuff calcific deposit. | C7: Acute calcific tendinopathy - often a self-limiting resorptive crisis, but intensely painful. | D7: Analgesia and load/activity management through the acute phase; gentle range as tolerated. For persistent symptomatic deposits, ESWT or ultrasound-guided barbotage; restore cuff and scapular capacity as pain settles.
A9: WHAT THE CASES TEACH
A10: • The history and the PAIN / STIFFNESS / INSTABILITY triage usually make the diagnosis
A11: • Preserved passive range = RCRSP (load it); a capsular block = frozen shoulder (stage it)
A12: • Read irritability: load RCRSP into acceptable pain, but do not force an irritable capsule
A13: • Traumatic structural instability in a young athlete warrants early surgical opinion; imaging change alone rarely mandates surgery elsewhere

Sheet References
A1: KEY REFERENCES & FURTHER READING
A2: Guidelines evolve and terminology continues to shift — verify currency for high-stakes decisions.
A4: 1 | B4: Lewis J. Rotator cuff related shoulder pain: assessment, management and uncertainties. Man Ther. 2016;23:57-68
A5: 2 | B5: Lewis J, et al. What's in a Name? The Case for Using 'Rotator Cuff-Related Shoulder Pain'. J Orthop Sports Phys Ther. 2025;55(7):1-3
A6: 3 | B6: Hopewell S, Keene DJ, Heine P, et al. Progressive exercise compared with best-practice advice, with or without corticosteroid injection, for rotator cuff disorders (GRASP): a 2x2 factorial RCT. Lancet. 2021;398(10298):416-428
A7: 4 | B7: Beard DJ, Rees JL, Cook JA, et al. Arthroscopic subacromial decompression for subacromial shoulder pain (CSAW): a placebo-controlled randomised surgical trial. Lancet. 2018;391(10118):329-338
A8: 5 | B8: Kelley MJ, Shaffer MA, Kuhn JE, et al. Shoulder pain and mobility deficits: adhesive capsulitis. Clinical Practice Guidelines. J Orthop Sports Phys Ther. 2013;43(5):A1-A31
A9: 6 | B9: Lewis A, Kitamura T, Bayley JIL. The classification of shoulder instability: new light through old windows (Stanmore classification). Curr Orthop. 2004;18:97-108
A10: 7 | B10: Holmgren T, et al. Effect of specific exercise strategy on need for surgery in patients with subacromial impingement syndrome: RCT. BMJ. 2012;344:e787 (with 10-year follow-up, 2024)
A11: 8 | B11: Cook JL, Purdam CR. Is tendon pathology a continuum? Br J Sports Med. 2009;43(6):409-416
A12: 9 | B12: Evidence on ESWT and ultrasound-guided barbotage for calcific tendinopathy (multiple systematic reviews)
A13: 10 | B13: OARSI / ACR / NICE osteoarthritis guidelines (exercise-first principles, applied to glenohumeral OA)
A14: 11 | B14: Wainner RS, et al. Reliability and diagnostic accuracy of the clinical examination and patient self-report measures for cervical radiculopathy. Spine. 2003;28(1):52-62
A15: 12 | B15: Kibler WB, et al. Clinical implications of scapular dyskinesis in shoulder injury: the 2013 Scapular Summit consensus statement. Br J Sports Med. 2013;47(14):877-885
... A18: 15 | B18: Wilk KE, et al. Deficits in glenohumeral passive range of motion increase risk of shoulder injury in professional baseball pitchers. Am J Sports Med. 2015;43(10):2379-2385
A20: SOURCES USED TO BUILD THIS WORKBOOK
A21: • Source 1 — Shoulder diagnostics algorithm (your 27-condition reasoning matrix), which forms columns B–M of the Master Matrix.
A22: • Source 2 — Diagnosis & Management of Shoulder Pain Conditions: Advanced Clinical Programme Course Manual (Modules 1-16, Appendices A-C).
A23: • Source 3 — Athletic Shoulder: Sport-Specific Demands and Injury Risk Comparison (20 sports).
A24: • Source 4 — Arthroscopic Shoulder Surgeries: Categories, Indications & Rehabilitation Protection Guide (infographic, 9 categories).
A25: • This workbook is a companion to the Knee Assessment & Management Programme and the Bone Stress, Cartilage & Meniscal Injury algorithm, and follows the same structure and conventions.
A26: • It is an educational and clinical-reasoning companion. It does not replace individualised assessment, local protocols, or the operating surgeon's protocol.
