Workbook

Sheet Read Me
A1: ELBOW ASSESSMENT AND MANAGEMENT PROGRAMME
A2: Screen → clear the neck and shoulder → localise the quadrant → identify the tissue → load → discharge on grip, range and control.
A4: SHEET | B4: WHAT IT DOES | C4: WHEN TO USE IT | D4: SOURCE / FOCUS
A5: Master Matrix | B5: 38 elbow conditions on the established column structure: Region → Activity Level → Common Symptoms → Age → Onset → Predominance → Condition → High-Yield Question → Special Test + Imaging → Biomechanical Cause → Desired Activity Goal → Physiotherapy Specific Exercise, then pain mechanism, classification, red-flag status, management emphasis, loading dose, biomechanical corrections, adjuncts, advanced options, outcomes, markers, timeline and referral triggers. | C5: The core reference. Filter column B by region or column P by red-flag status. | D5: Your 23-row skeleton (SRC) + 15 added (ADD)
A6: Rx Generator | B6: Pick a condition from the dropdown and the full prescription is pulled live from the Master Matrix. | C6: In clinic, or to print a plan into the patient file. | D6: Live INDEX/MATCH
A7: Assessment Roadmap | B7: The five-gate sequence, built around the quadrant-then-tissue branch at Gate 4. | C7: Every new patient, in order. | D7: Clinical reasoning
A8: Subjective Exam | B8: Fillable history template with the elbow-specific and paediatric screening questions built in. | C8: First consultation. | D8: Fillable
A9: Objective Exam | B9: Fillable examination template: observation, palpation map by quadrant, range with end-feel, grip, resisted testing, stability, nerve and cervical screen. | C9: First consultation and every re-assessment. | D9: Fillable
A10: Special Tests | B10: 30 tests grouped by quadrant and tissue, with what a positive means and how much weight to give it. | C10: During the physical examination. | D10: Reference
A11: Clusters & Classification | B11: Seven diagnostic clusters, the one-line differentiators, and the tendinopathy continuum, valgus overload triad, instability spectrum and nerve grading systems. | C11: When the picture is not yet clear, and when choosing a pathway. | D11: Reference
A12: Imaging Guide | B12: When to image, which modality answers which question, and the traps — including comparison views in children. | C12: Before requesting or when reading a report. | D12: Reference
A13: Phased Programme | B13: Phase 0-4 with goals, content, markers and exit criteria, plus the master treatment sequence. | C13: Building and progressing every plan. | D13: Reference
A14: Exercise & Dosage | B14: Loading library with dose and indication, including heavy slow resistance, the Tyler twist, grip endurance and low-load prolonged stretch. | C14: Writing the actual programme. | D14: Reference
A15: Adjuncts & Advanced | B15: Education, bracing, night splinting, ergonomics, ESWT, PRP, injection and surgery, with the sequencing rule. | C15: When loading alone is not enough. | D15: Reference
... A24: References | B24: Guideline and trial sources. | C24: Verifying or citing. | D24: —
A26: CRITICAL POINTS FOR THE ELBOW
A27: • YOUR SKELETON IS THE SPINE. All 23 of your region-and-symptom rows appear in the Master Matrix in your original order, marked SRC in the Source column, with your exact symptom wording preserved in the Common Symptoms column. 15 conditions have been added to complete the differential and are marked ADD.
A28: • YOUR 20-SPORT TABLE is reproduced verbatim on the Sport Profiles sheet, with a fifth column added giving the return-to-sport and load considerations for each.
A29: • THE ELBOW'S DEFINING TRAP IS LOSS OF TERMINAL EXTENSION. It is the earliest and most sensitive sign of intra-articular pathology — OCD, loose body, arthritis, valgus extension overload. Never dismiss it as stiffness, and always note the END-FEEL.
A30: • THE SECOND TRAP IS THE MIMIC. When lateral elbow pain fails to respond to correct tendon loading, reconsider the diagnosis: radial tunnel (tender 4-5 cm distal, pain on resisted supination), radiocapitellar plica (clicking), PLRI (giving way on push-up), or intra-articular pathology.
A31: • THE THIRD TRAP IS SKELETAL MATURITY. In the growing athlete the APOPHYSIS FAILS BEFORE THE TENDON OR LIGAMENT. Medial pain in a young thrower is Little League elbow, not golfer's elbow. Image BOTH elbows.
A32: • MEASURE PAIN-FREE GRIP STRENGTH in every overuse presentation and record the figure — it is simultaneously a diagnostic test, the treatment target and the discharge criterion.
A33: • CORTICOSTEROID INJECTION for elbow tendinopathy gives short-term relief and WORSE 12-month outcomes than exercise or wait-and-see. It also risks LUCL attenuation and PLRI. Counsel against it explicitly.
A34: • THE ELBOW STIFFENS FASTER THAN ANY OTHER JOINT. Early motion is the default, and stiffness is treated with LOW-LOAD PROLONGED STRETCH — never aggressive passive forcing, which provokes heterotopic ossification.
A35: • Yellow cells are inputs. Green text is pulled from another sheet. Do not overwrite formula cells.

Sheet Master Matrix
A3: Region | B3: Activity Level | C3: Common Symptoms | D3: Age Group | E3: Onset | F3: Predominance | G3: Condition | H3: High-Yield Diagnostic Question | I3: Special Test + Imaging | J3: Underlying Biomechanical Cause | K3: DESIRED ACTIVITY GOAL | L3: PHYSIOTHERAPY SPECIFIC EXERCISE | M3: Pain Mechanism | N3: Classification / Cluster | O3: Red Flag Status | P3: MANAGEMENT EMPHASIS | Q3: Loading Stage & Entry Dose | R3: BIOMECHANICAL CORRECTIONS & KINETIC CHAIN | S3: Manual Therapy, Bracing & Adjuncts | T3: Advanced / Surgical Options | U3: Outcome Measures | V3: Re-testable Markers | W3: Expected Timeline | X3: Referral / Surgical Trigger | Y3: Evidence Anchor
A4: Lateral | B4: Manual worker, plumber, chef, keyboard user; also racquet athletes and lifters | C4: Pain gripping/lifting | D4: 35-55 | E4: Slow | F4: Equal | G4: Lateral Elbow Tendinopathy (Common Extensor / ECRB) | H4: Does it hurt at the outside of the elbow when you grip, lift a kettle or shake hands? | I4: Focal tenderness 1-2 cm distal to the lateral epicondyle over the ECRB origin; PAIN-FREE GRIP STRENGTH reduced versus the other side; positive Cozen and Mill tests; clinical diagnosis - ultrasound or MRI only if the picture is atypical or refractory | J4: Tensile overload of the ECRB origin from repetitive gripping and wrist extension exceeding tendon capacity; degenerative tendinosis rather than inflammation; wrist extensor and grip endurance deficits; SHOULDER GIRDLE AND SCAPULAR WEAKNESS transferring load distally; poor forearm rotation control; a sudden increase in gripping, lifting or racquet volume | K4: Grip, lift and carry through a full working day without lateral elbow pain | L4: ISOMETRIC wrist extension holds 5 x 30-45 s for analgesia in the irritable phase; then progressive HEAVY SLOW RESISTANCE wrist extension (or the Tyler twist with a flexbar) 3-4 sets 8-15 RM, 3 s up / 3 s down, 3x/week; supination and pronation loading; grip endurance work; scapular and rotator cuff strengthening (prone Y, external rotation, row); progressive return to gripping and lifting volume | M4: Nociceptive - tensile tendon load; nociplastic overlay common beyond 6 months | N4: Cluster 1 - Lateral elbow tendinopathy: focal ECRB tenderness + reduced pain-free grip + positive resisted wrist extension. Cook & Purdam continuum applies - stage reactivity | O4: No | P4: PROGRESSIVE LOADING AND EDUCATION is first-line. Corticosteroid injection gives short-term relief but WORSE outcomes at 12 months than exercise or wait-and-see - counsel against it. Most cases resolve over 6-12 months; the natural history is favourable but slow | Q4: Stage the tendon. Reactive: isometrics 5 x 30-45 s, 1-2x/day plus reduced peak grip load. Dysrepair/degenerative: heavy slow resistance 3-4 sets 8-15 RM 3x/week; then eccentric and functional gripping load; then sport or occupation-specific | R4: Look proximally - this is rarely just an elbow problem: build scapular and rotator cuff capacity so the forearm is not compensating, correct sustained gripping postures and tool design, review racquet grip size, string tension and backhand technique, reduce keyboard and mouse gripping load, and grade lifting and gripping volume rather than spiking it | S4: Counterforce brace or wrist extension splint for short-term symptom relief during loading; taping; ergonomic and tool modification (a high-yield practical change) | T4: If stalled beyond 12 weeks with correct loading: ESWT has reasonable support; PRP evidence is mixed but more favourable than corticosteroid; percutaneous or open ECRB debridement for genuinely refractory cases after 6-12 months | U4: PRTEE (Patient-Rated Tennis Elbow Evaluation); QuickDASH; PAIN-FREE GRIP STRENGTH is the single best objective marker | V4: Pain-free grip strength (dynamometer, both sides); ECRB tenderness; gripping and lifting tolerance; PRTEE score | W4: 6-12 months for full resolution; meaningful change by 12 weeks | X4: No response after 6-12 months of genuinely correct loading; suspected PIN entrapment or radiocapitellar pathology | Y4: Coombes/Bisset/Vicenzino corticosteroid versus exercise trials; Cook & Purdam continuum
A5: Lateral | B5: Tennis, badminton, table tennis, squash; high repetition racquet load | C5: Pain during racquet sports | D5: 20-45 | E5: Slow | F5: Equal | G5: Radiocapitellar Overload / Synovial Plica Syndrome | H5: Does the outside of the elbow catch or click during the shot, rather than just ache with gripping? | I5: Lateral joint line tenderness POSTERIOR to the ECRB origin; painful clicking on flexion-extension with forearm rotation; positive flexion-pronation test; MRI or arthroscopy - a thickened posterolateral synovial fringe | J5: Repetitive compressive and shear load across the radiocapitellar joint during racquet impact, with a thickened synovial fringe becoming entrapped between the radial head and capitellum; late ball contact and off-centre impact increase load; grip size and string tension errors; poor kinetic-chain transfer forcing the forearm to generate racquet-head speed | K5: Return to full racquet volume without lateral catching or clicking | L5: Wrist extensor and supinator loading 3-4 sets 8-15 RM 3x/week; forearm rotation control work; scapular and rotator cuff strengthening; kinetic-chain drills transferring drive from legs and trunk; avoid provocative repeated flexion-pronation early; graded return to racquet volume with technique review | M5: Nociceptive - mechanical impingement | N5: Lateral group; the key MIMIC of lateral elbow tendinopathy - suspect it when there is CLICKING and joint-line rather than ECRB-origin tenderness | O5: No | P5: Load management, forearm and kinetic-chain rehabilitation, and technique or equipment correction. Arthroscopic plica excision for genuinely refractory mechanical symptoms after a well-delivered programme | Q5: Stage 1-2. Isometric then progressive isotonic wrist extensor and supinator loading; then racquet-specific volume progression | R5: Take the load off the radiocapitellar joint: build scapular, cuff and trunk capacity so the arm is not generating all the racquet-head speed, review grip size and string tension, correct late or off-centre ball contact, and grade playing volume and session frequency | S5: Counterforce brace; equipment and technique review; activity modification | T5: Guided injection (diagnostic and therapeutic); arthroscopic plica excision or radiocapitellar debridement for refractory mechanical symptoms | U5: PRTEE; QuickDASH; MEPS; clicking and catching frequency | V5: Clicking frequency; lateral joint line tenderness; racquet volume tolerance; pain-free grip strength | W5: 8-12 weeks conservative; 6-12 weeks post arthroscopic excision | X5: Persistent mechanical clicking or catching after a genuine 3-month programme | Y5: Radiocapitellar plica literature; lateral elbow differential diagnosis
A6: Lateral | B6: Adolescent thrower, gymnast, racquet athlete; also adults with prior OCD | C6: Locking/catching elbow | D6: 12-25 | E6: Slow | F6: Male athletes | G6: Capitellar Osteochondritis Dissecans / Loose Body | H6: Does the elbow lock, catch or refuse to straighten fully, in a young thrower or gymnast? | I6: Lateral joint line tenderness; LOSS OF TERMINAL EXTENSION is the key early sign; positive active radiocapitellar compression test (pronation-supination with the elbow extended); AP, lateral and 45-degree flexion AP radiographs; MRI to assess lesion stability | J6: Repetitive compressive load across the radiocapitellar joint in a watershed vascular zone; VALGUS load during throwing compresses the lateral column while it distracts the medial; axial upper-limb weight bearing in gymnasts; high throwing or skill volume without recovery; the capitellum has a precarious end-arterial supply | K6: Return to throwing or gymnastics with a healed lesion, full extension and no mechanical symptoms | L6: NO throwing or upper-limb weight bearing during the healing phase. Maintain capacity with lower-body and trunk conditioning, scapular and cuff loading in non-provocative patterns; then progressive forearm and elbow loading; then a staged interval throwing or skill programme once cleared radiologically and clinically | M6: Nociceptive - subchondral bone and cartilage | N6: Lateral group - OCD. STABLE versus UNSTABLE lesion determines everything. Distinguish from PANNER DISEASE (younger, 7-12 years, self-limiting, whole-capitellum involvement) | O6: YES - a young thrower or gymnast with lateral elbow pain and loss of extension needs IMAGING AND REST, not a rehabilitation trial while continuing to load. An unstable lesion or loose body is a surgical presentation | P6: Orthopaedic co-management. STABLE lesion: complete rest from throwing and weight bearing for 3-6 months with serial imaging - many heal. UNSTABLE lesion or loose body: surgical management (drilling, fixation, or OATS depending on size) | Q6: No loading of the lateral column until cleared. Non-provocative conditioning throughout; graded reintroduction of forearm loading, then weight bearing or throwing only with radiological and clinical clearance | R6: Reduce lateral column compression on return: correct throwing mechanics that increase valgus load (late trunk rotation, dropped elbow, excessive elbow extension velocity), build lower-body and trunk contribution, cap pitch counts and skill repetitions, enforce rest days and a genuine off-season, and reduce upper-limb weight-bearing volume in gymnasts | S6: Complete load removal is the intervention; bracing per surgeon in selected cases; education for coach and parent | T6: Arthroscopic drilling for a stable lesion that fails to heal; fragment fixation, loose body removal, or OATS/osteochondral graft for an unstable or large lesion (see Post-Surgical Guide, category 6) | U6: MEPS; QuickDASH; OES; radiographic and MRI healing; extension range | V6: Terminal extension range; mechanical symptoms; radiocapitellar compression test; throwing or weight-bearing tolerance | W6: 3-6 months for a stable lesion; 6-12 months post cartilage surgery | X6: Loss of extension, locking, a loose body, or an unstable lesion on MRI - orthopaedic referral | Y6: Capitellar OCD management literature; ICRS OCD classification
A7: Lateral | B7: Gymnast, climber, thrower; also post-traumatic after dislocation or lateral surgery | C7: Instability during pushing | D7: 20-50 | E7: Slow/Sudden | F7: Male | G7: Posterolateral Rotatory Instability (PLRI) | H7: Does the elbow feel like it is going to give way when you push up out of a chair or off the floor? | I7: Positive lateral pivot-shift and posterolateral rotatory drawer tests (often needs examination under anaesthesia); POSITIVE CHAIR PUSH-UP AND TABLE-TOP RELOCATION TESTS are the most practical clinical signs; stress radiographs or MRI of the lateral ulnar collateral ligament | J7: Insufficiency of the LATERAL ULNAR COLLATERAL LIGAMENT - most often after an elbow dislocation, but also from repeated varus stress, cumulative attrition, iatrogenic injury during lateral tendon surgery, or repeated corticosteroid injection at the lateral epicondyle; deficient dynamic control from the extensor-supinator mass compounds it | K7: Push up out of a chair, weight-bear through the arm and return to sport without apprehension or giving way | L7: Extensor-supinator mass strengthening as dynamic stabilisers; progressive CLOSED-CHAIN loading (wall push-up, quadruped weight shift, progressing to table and floor) 3-4 sets 3x/week; rhythmic stabilisation and proprioceptive work; scapular and cuff capacity; AVOID varus stress and provocative supination-extension positions early; graded return to weight bearing | M7: Nociceptive with apprehension and fear components | N7: Lateral group - INSTABILITY. Frequently missed and mislabelled as refractory tennis elbow. A history of dislocation or repeated lateral injection is the giveaway | O7: Screen: ASK ABOUT PRIOR DISLOCATION AND PRIOR LATERAL INJECTIONS in any refractory lateral elbow presentation | P7: Rehabilitation of the dynamic stabilisers with closed-chain and proprioceptive loading for low-grade cases. LUCL reconstruction for significant symptomatic instability - rehabilitation cannot replace an incompetent ligament | Q7: Stage 1-3. Isometric and closed-chain work in protected range; progressive extensor-supinator and closed-chain loading; then weight bearing and sport-specific progression | R7: Build dynamic control and remove the provocation: strengthen the extensor-supinator mass, avoid varus and supination-extension loading, retrain push-up and weight-bearing mechanics, build scapular and trunk capacity, and STOP corticosteroid injections at the lateral epicondyle | S7: Hinged elbow brace blocking terminal extension and supination in the protected phase; activity modification | T7: LUCL reconstruction with a tendon graft (see Post-Surgical Guide, category 8) - protection 6 weeks in a hinged brace, return to sport 6-9 months | U7: MEPS; OES; QuickDASH; apprehension and giving-way frequency | V7: Chair push-up and table-top relocation tests; giving-way episodes; closed-chain loading tolerance | W7: 12 weeks conservative trial for low-grade; 6-9 months post reconstruction | X7: Significant symptomatic instability, recurrent giving way, or a positive pivot-shift - orthopaedic referral | Y7: O'Driscoll PLRI description; LUCL reconstruction outcomes
A8: Lateral | B8: Manual worker, cyclist, racquet athlete; repetitive forearm rotation | C8: Numbness and weakness | D8: 30-50 | E8: Slow | F8: Equal | G8: Radial Tunnel / Posterior Interosseous Nerve Syndrome | H8: Is the sore spot several centimetres BELOW the bony point, in the muscle, rather than on the bone itself? | I8: Tenderness 4-5 cm DISTAL to the lateral epicondyle over the supinator (not at the ECRB origin); pain on RESISTED SUPINATION and resisted middle finger extension; radial tunnel syndrome causes pain WITHOUT weakness, PIN syndrome causes MOTOR WEAKNESS (finger and thumb extension) WITHOUT sensory loss; nerve conduction studies and EMG | J8: Compression of the posterior interosseous nerve as it passes through the radial tunnel, most often at the arcade of Frohse at the proximal supinator edge; repetitive forceful forearm pronation-supination, sustained elbow extension with pronation, and a space-occupying lesion or ganglion are the drivers | K8: Resolve the forearm pain and restore finger and thumb extension strength; return to full manual or sporting load | L8: Radial nerve gliding within symptom tolerance; supinator and forearm load reduction initially; progressive wrist and finger extensor loading as symptoms allow (respecting that a denervated muscle fatigues quickly in PIN); scapular and cuff strengthening; graded return to forearm rotation load with technique and tool review | M8: Neuropathic | N8: Lateral group - PERIPHERAL NERVE. The key mimic of lateral elbow tendinopathy: tenderness is 4-5 cm DISTAL and resisted supination provokes it. PIN syndrome has WEAKNESS; radial tunnel syndrome does not | O8: YES for PIN SYNDROME - progressive finger and thumb extension weakness (finger drop) requires prompt nerve conduction studies and surgical opinion, and imaging to exclude a mass lesion | P8: Remove the compressive and repetitive load; neural mobilisation; progressive loading as symptoms allow. Surgical decompression of the radial tunnel for confirmed PIN weakness or genuinely refractory radial tunnel syndrome | Q8: Loading is guided by nerve irritability. Neural gliding first; low-load extensor work; progress as symptoms and strength allow. Do not fatigue a denervated muscle early | R8: Reduce the compression and traction: modify repetitive forceful supination and pronation tasks, review tool design and grip, avoid sustained elbow extension with pronation, build scapular and cuff capacity to reduce distal compensation, and review handlebar position in cyclists | S8: Activity and tool modification; splinting in selected cases; neural gliding education | T8: Nerve conduction studies and EMG; imaging to exclude a ganglion or mass; surgical radial tunnel decompression (see Post-Surgical Guide, category 3) | U8: QuickDASH; MEPS; grip and finger extension strength; symptom mapping | V8: Finger and thumb extension strength; resisted supination pain; tenderness location; grip strength | W8: 8-16 weeks conservatively; longer where decompression is needed | X8: Progressive motor weakness, finger drop, or suspected mass lesion - prompt referral | Y8: Radial tunnel and PIN syndrome literature
A9: Lateral | B9: Contact sport, fall onto an outstretched hand | C9: Lateral elbow pain and swelling after a fall, with painful forearm rotation | D9: 20-50 | E9: Sudden | F9: Equal | G9: Radial Head Fracture | H9: Since falling on the outstretched hand, is it painful and blocked to turn the palm up and down? | I9: Lateral joint line tenderness; painful and often BLOCKED forearm rotation; effusion with a positive fat pad sign; AP, lateral and radiocapitellar (Greenspan) radiographs; CT for comminution; MASON classification | J9: Axial load transmitted through the radial head during a fall onto the outstretched hand with the forearm pronated; associated injuries are common - assess the LUCL, the MCL, the coronoid and the distal radioulnar joint (Essex-Lopresti) | K9: Restore painless full forearm rotation and elbow extension; return to lifting and sport | L9: EARLY MOBILISATION is the priority in a stable Mason I fracture - the elbow stiffens fast. Active and active-assisted flexion-extension and forearm rotation from days 3-7; progressive isometric then isotonic forearm and elbow loading from 3-6 weeks; grip strengthening; scapular and cuff work; graded return to loading | M9: Nociceptive - acute fracture | N9: Lateral group - TRAUMA. Mason I (undisplaced) to Mason IV (with dislocation). ALWAYS screen the wrist and the whole forearm axis | O9: YES - a BLOCKED forearm rotation suggests a mechanical block needing surgical opinion. Screen for associated LUCL, coronoid and distal radioulnar joint injury | P9: Mason I: conservative with EARLY MOBILISATION - stiffness is the main complication, not displacement. Mason II-IV: orthopaedic opinion for fixation or radial head replacement. Aspiration with local anaesthetic can help early range | Q9: Early motion from days 3-7 in a stable fracture; progressive loading from 3-6 weeks; full loading by 8-12 weeks with union | R9: Prevent stiffness above all: early active range in all planes, avoid prolonged immobilisation, restore forearm rotation early, and rebuild grip, forearm and scapular capacity as range returns | S9: Sling for comfort only and for the shortest possible time; early range education | T9: Open reduction and internal fixation or radial head replacement for displaced or comminuted fractures; excision in selected low-demand cases | U9: MEPS; OES; QuickDASH; range in degrees | V9: Flexion-extension and forearm rotation range; grip strength LSI; radiographic union | W9: 6-12 weeks; longer if surgical | X9: Blocked rotation, displacement, or suspected associated ligament or wrist injury | Y9: Mason classification; early mobilisation evidence in radial head fracture
A10: Lateral | B10: Contact sport, fall onto an outstretched hand, gymnastics | C10: Acute lateral elbow pain after a varus force or dislocation | D10: 15-40 | E10: Sudden | F10: Male | G10: Lateral Collateral Ligament Complex Sprain | H10: Did the elbow take a force that pushed it outwards, or did it dislocate and go back in? | I10: Lateral tenderness over the LCL complex; pain and laxity on VARUS stress in 30 degrees flexion; assess for posterolateral rotatory instability with the chair push-up and table-top tests; radiographs to exclude fracture; MRI for the ligament complex | J10: Varus or posterolateral rotatory force disrupting the lateral collateral ligament complex, including the LUCL; commonly part of the dislocation spectrum; the extensor-supinator mass provides the dynamic backup that is often deconditioned | K10: Return to weight bearing and contact sport with a stable elbow and no apprehension | L10: Protected range early avoiding varus stress and supination-extension; isometric then progressive extensor-supinator loading; closed-chain and proprioceptive work; scapular and cuff capacity; graded return to weight bearing and contact | M10: Nociceptive - traumatic ligamentous | N10: Lateral group; low-grade sprains do well conservatively, but an unrecognised LUCL injury becomes chronic PLRI | O10: Screen: assess for PLRI - an untreated LUCL injury is the commonest route to chronic posterolateral rotatory instability | P10: Protected mobilisation with early range, then progressive dynamic stabiliser loading. Surgical repair or reconstruction where there is significant instability or an associated complex injury | Q10: Stage 1-3. Protected range 2-3 weeks avoiding varus and supination-extension; progressive extensor-supinator and closed-chain loading; then weight bearing and sport | R10: Build the dynamic backup: extensor-supinator mass strengthening, closed-chain proprioception, scapular and trunk capacity; avoid varus loading and terminal extension-supination during healing | S10: Hinged brace limiting terminal extension and supination in the protected phase | T10: LUCL repair or reconstruction for significant instability (see Post-Surgical Guide, category 8) | U10: MEPS; OES; QuickDASH | V10: Varus laxity; chair push-up test; range; weight-bearing tolerance | W10: 6-12 weeks for a low-grade sprain | X10: Significant laxity, recurrent instability, or a positive pivot-shift | Y10: Elbow instability spectrum literature
A11: Lateral | B11: Weightlifting, CrossFit, gymnastics; high axial and rotational load | C11: Deep lateral ache with pressing and weight bearing | D11: 25-45 | E11: Slow | F11: Male | G11: Radiocapitellar Chondral Lesion | H11: Does the outside of the elbow ache deeply after pressing or weight-bearing work, and swell afterwards? | I11: Lateral joint line tenderness; pain on axial loading and active radiocapitellar compression; effusion after loading; MRI with cartilage sequences; often coexists with prior OCD or loose bodies | J11: Repetitive compressive and shear load across the radiocapitellar joint from pressing, Olympic lifting and upper-limb weight bearing; prior OCD, loose bodies or valgus overload concentrate load laterally; poor kinetic-chain transfer increases elbow load in overhead lifts | K11: Return to pressing and weight-bearing training within a sustainable load ceiling, without swelling | L11: Non-provocative strengthening first (grip, forearm, scapular, cuff); progressive closed-chain loading; graded reintroduction of pressing and weight bearing using SWELLING as the tolerance signal; ongoing volume management | M11: Nociceptive - articular surface overload | N11: Lateral group; assess for the underlying driver - prior OCD, loose bodies or valgus overload | O11: Screen: mechanical locking with effusion warrants imaging for a loose body | P11: Load management and capacity building with a realistic long-term ceiling. Address any loose body or underlying OCD surgically where symptomatic | Q11: Stage 1-3. Non-provocative loading first; progressive closed-chain; graded impact and pressing reintroduction with effusion as the tolerance signal | R11: Lower the contact stress: build scapular, cuff and trunk capacity so the elbow is not the limiting link in overhead lifts, modify pressing volume and range, correct bar path and receiving position in Olympic lifts, and cap weight-bearing volume in gymnastics | S11: Activity and volume modification; taping for comfort | T11: Arthroscopic loose body removal or debridement; cartilage procedures for a focal defect (see Post-Surgical Guide, category 6) | U11: MEPS; OES; QuickDASH | V11: Effusion after loading; lateral joint line tenderness; pressing and weight-bearing tolerance | W11: 3-6 months conservative; longer post cartilage surgery | X11: Mechanical locking, persistent effusion, or a loose body on imaging | Y11: Elbow chondral lesion management literature
A12: Medial | B12: Golf, cricket, climbing, weightlifting, manual work; repetitive gripping and wrist flexion | C12: Pain during throwing | D12: 35-55 | E12: Slow | F12: Equal | G12: Medial Elbow Tendinopathy (Common Flexor-Pronator / Golfer's Elbow) | H12: Does it hurt at the inside of the elbow when you grip, throw or turn the palm down against resistance? | I12: Focal tenderness at the common flexor-pronator origin just distal to the medial epicondyle; pain on RESISTED WRIST FLEXION AND PRONATION; reduced pain-free grip; clinical diagnosis - ultrasound if atypical. ALWAYS test the ulnar nerve - the two coexist in a substantial proportion | J12: Tensile overload of the common flexor-pronator origin from repetitive gripping, wrist flexion and pronation exceeding capacity; degenerative tendinosis; the flexor-pronator mass is also the DYNAMIC STABILISER against valgus, so it is overloaded further in throwing athletes; scapular and trunk deficits transfer load distally | K12: Grip, throw, lift and swing through full volume without medial elbow pain | L12: ISOMETRIC wrist flexion and pronation holds 5 x 30-45 s for analgesia; then HEAVY SLOW RESISTANCE wrist flexion and pronation (or the reverse Tyler twist) 3-4 sets 8-15 RM, 3 s up / 3 s down, 3x/week; grip endurance; scapular and rotator cuff loading; trunk and lower-body kinetic-chain work; graded return to gripping, throwing or swing volume | M12: Nociceptive - tensile tendon load | N12: Cluster 2 - Medial elbow tendinopathy: flexor-pronator origin tenderness + pain on resisted wrist flexion and pronation. ALWAYS screen the ulnar nerve and the UCL alongside | O12: Screen: TEST THE ULNAR NERVE AND THE UCL in every medial elbow presentation - all three commonly coexist and the management differs | P12: Progressive loading and education, as for the lateral side. Corticosteroid injection carries the same poor long-term profile and additional ulnar nerve risk - avoid it. Address the kinetic chain in throwing and swinging athletes | Q12: Stage the tendon. Reactive: isometrics plus peak load reduction. Dysrepair/degenerative: heavy slow resistance 3-4 sets 8-15 RM 3x/week; then energy-storage and sport-specific loading | R12: Look proximally and distally: build scapular, cuff, trunk and lower-body capacity so the forearm is not generating all the force, correct golf swing mechanics (over-the-top downswing, ground strike), review racquet and club grip size, correct throwing mechanics, and grade gripping and swing volume | S12: Counterforce brace for short-term relief; taping; equipment and technique review; ergonomic modification | T12: If stalled beyond 12 weeks: ESWT or PRP as adjuncts while continuing to load; surgical debridement of the flexor-pronator origin for genuinely refractory cases | U12: PRTEE (adapted); QuickDASH; MEPS; PAIN-FREE GRIP STRENGTH | V12: Pain-free grip strength; resisted wrist flexion and pronation pain; throwing or swing volume tolerance | W12: 6-12 months for full resolution; meaningful change by 12 weeks | X12: No response after 6-12 months of correct loading; coexisting ulnar neuropathy or UCL insufficiency | Y12: Cook & Purdam continuum; medial epicondylalgia management literature
A13: Medial | B13: Baseball pitching, cricket bowling and throwing, javelin, tennis serve | C13: Pain during pitching | D13: 16-30 | E13: Slow | F13: Male athletes | G13: Ulnar Collateral Ligament (UCL) Injury - Partial / Attritional | H13: Does the inside of the elbow hurt specifically at the late cocking or acceleration phase of the throw? | I13: Medial joint line tenderness over the UCL (not the flexor origin); pain and laxity on VALGUS STRESS at 30 degrees; positive MOVING VALGUS STRESS TEST (pain reproduced between 120 and 70 degrees) - the most useful clinical test; MR ARTHROGRAM or dynamic ultrasound; stress radiographs for medial joint gapping | J13: Repetitive VALGUS TORQUE during the late cocking and acceleration phases exceeding UCL capacity; the flexor-pronator mass is the dynamic protector and fatigues; poor kinetic-chain sequencing means the arm generates force the legs and trunk should; excessive pitch counts, pitching on consecutive days, throwing while fatigued, and radar-gun-driven velocity chasing are the load errors | K13: Return to full-velocity throwing with a stable medial elbow and no loss of velocity or control | L13: Flexor-pronator mass strengthening as the dynamic valgus stabiliser (wrist flexion, pronation, grip) 3-4 sets 8-15 RM 3x/week; scapular and rotator cuff loading; posterior cuff eccentric capacity for deceleration; TRUNK AND LOWER-BODY kinetic-chain work; hip and thoracic rotation mobility; then a staged INTERVAL THROWING PROGRAMME | M13: Nociceptive - tensile ligamentous | N13: Cluster 3 - UCL injury: medial pain at late cocking or acceleration + UCL tenderness + positive moving valgus stress test. Distinguish from flexor-pronator tendinopathy, which is tender more anteriorly and distally | O13: Screen: assess the ULNAR NERVE and screen for VALGUS EXTENSION OVERLOAD posteriorly - the valgus overload triad travels together | P13: Rehabilitation first for a partial or low-grade injury: flexor-pronator strengthening, kinetic-chain correction and a staged interval throwing programme. PRP has emerging support for partial tears in throwers. UCL reconstruction or internal-brace repair for a complete tear or a failed programme | Q13: Stage 1-4. No throwing initially; flexor-pronator, scapular, cuff and kinetic-chain loading; then a staged interval throwing programme progressing distance then intensity then mound work | R13: Reduce the valgus torque reaching the ligament: build flexor-pronator capacity as the dynamic stabiliser, increase lower-body and trunk contribution to the throw, restore hip and thoracic rotation, correct a dropped elbow and late trunk rotation, and STRICTLY manage pitch counts, rest days and throwing while fatigued | S13: Activity modification; throwing volume monitoring; hinged brace in selected cases | T13: PRP for partial tears in throwers (emerging support); UCL RECONSTRUCTION (Tommy John) or UCL repair with internal brace for complete tears or failed rehabilitation (see Post-Surgical Guide, category 2) | U13: KJOC; MEPS; QuickDASH; throwing velocity and control | V13: Moving valgus stress test; medial joint gapping on stress ultrasound; flexor-pronator strength; throwing volume tolerance | W13: 3-6 months conservative; 9-12 months post reconstruction, 6-9 months post internal-brace repair | X13: Complete tear, valgus instability, or failure of a genuine 3-month programme in a throwing athlete | Y13: Moving valgus stress test (O'Driscoll); UCL reconstruction outcome literature
A14: Medial | B14: Cyclist, thrower, weightlifter, manual worker; also prolonged elbow flexion postures | C14: Numbness ring/little finger | D14: 30-55 | E14: Slow | F14: Male | G14: Cubital Tunnel Syndrome (Ulnar Neuropathy) | H14: Is the numbness in the little finger and half the ring finger, and worse when the elbow is bent for a while? | I14: Sensory change in the ulnar distribution (little finger and ulnar half of the ring finger); positive Tinel over the cubital tunnel; positive ELBOW FLEXION TEST held 60 seconds; intrinsic hand weakness, first dorsal interosseous wasting and a positive Froment sign in advanced cases; NERVE CONDUCTION STUDIES to localise and grade | J14: Compression or traction of the ulnar nerve at the cubital tunnel - between the medial epicondyle and olecranon, under Osborne's ligament, or at the arcade of Struthers; sustained elbow flexion (sleeping, phone use, cycling), repeated valgus load in throwers, direct pressure on the cubital tunnel, and nerve subluxation over the epicondyle | K14: Resolve the numbness and restore grip and pinch strength; sleep and cycle without symptoms | L14: Ulnar nerve gliding within symptom tolerance (avoid aggressive tensioning); NIGHT EXTENSION SPLINTING or a towel wrap to prevent sustained flexion - often the highest-yield single change; scapular and cuff strengthening; grip and intrinsic hand strengthening as symptoms allow; posture and equipment modification | M14: Neuropathic | N14: Medial group - PERIPHERAL NERVE. Grade it: intermittent sensory only (mild), persistent sensory (moderate), motor weakness and wasting (severe - refer) | O14: YES if there is INTRINSIC MUSCLE WASTING OR WEAKNESS - motor involvement means surgical decompression should not be delayed, as recovery of wasted intrinsics is poor | P14: Conservative first for sensory-only symptoms: activity and posture modification, NIGHT EXTENSION SPLINTING, nerve gliding, and removing direct pressure. This resolves a substantial proportion. Surgical decompression for motor involvement or genuine failure of 3 months of conservative care | Q14: Loading is guided by nerve irritability. Nerve gliding and postural change first; progressive grip and forearm loading as symptoms allow; avoid sustained end-range flexion | R14: Remove the flexion and the pressure: night splinting or towel wrap to keep the elbow under 45 degrees, avoid leaning on the elbow, modify phone and desk posture, raise handlebars and reduce elbow flexion in cyclists, and cap throwing volume where valgus load is the driver | S14: NIGHT EXTENSION SPLINT (the key adjunct); elbow padding; workstation, phone and handlebar modification | T14: Nerve conduction studies to grade; in-situ cubital tunnel decompression, or ulnar nerve transposition where the nerve subluxates or in throwing athletes (see Post-Surgical Guide, category 3) | U14: QuickDASH; MEPS; grip and pinch strength; symptom mapping and frequency | V14: Numbness frequency; elbow flexion test time to symptoms; grip and pinch strength; first dorsal interosseous bulk | W14: 8-12 weeks conservatively for sensory-only presentations | X14: Any intrinsic weakness or wasting; failure of 3 months of correct conservative care | Y14: Cubital tunnel management guidelines; McGowan grading
... A41: Neurological | B41: Any; immunosuppression, diabetes, penetrating injury or recent injection | C41: Hot, swollen, exquisitely painful elbow with fever | D41: Any | E41: Sudden | F41: Equal | G41: Septic Arthritis of the Elbow | H41: Did severe elbow pain and swelling come on quickly with fever, and is any movement excruciating? | I41: Marked pain limiting ALL active and passive movement; warmth, swelling and effusion; fever and systemic illness; URGENT ASPIRATION for cell count, Gram stain and culture; inflammatory markers and blood cultures | J41: Infective - haematogenous spread, penetrating injury, or contamination following injection or surgery. Not biomechanical. DISTINGUISH FROM SEPTIC OLECRANON BURSITIS, which is superficial with relatively preserved joint range | K41: Eradicate the infection, then restore range, strength and function | L41: NONE until medically cleared. Post-clearance: gentle range restoration (the elbow stiffens quickly), progressive strengthening, and graded return to function in a joint that may have sustained cartilage damage | M41: Inflammatory / infective | N41: Neurological/systemic group - EMERGENCY. Pain on ALL movement with systemic features distinguishes septic arthritis from septic bursitis, where range is relatively preserved | O41: YES - EMERGENCY. Cartilage destruction begins within days. Rehabilitation is contraindicated until the infection is managed | P41: URGENT medical and orthopaedic referral for aspiration, culture and intravenous antibiotics, with surgical washout as indicated. Do not treat locally under any circumstances | Q41: None until cleared. Post-clearance: early gentle range is the priority, then progressive strengthening | R41: Post-infection: restore range early because the elbow stiffens fast, reverse disuse deconditioning, rebuild grip, forearm and scapular capacity, and adapt for any residual joint damage | S41: None in the acute phase | T41: Urgent aspiration, intravenous antibiotics and surgical washout | U41: Medical markers (CRP, ESR, white cell count); post-recovery MEPS and range | V41: Post-recovery: range, strength, functional tasks | W41: Medical resolution first; rehabilitation over 3-6 months thereafter | X41: IMMEDIATE - emergency medical referral | Y41: Septic arthritis emergency pathways

Sheet Rx Generator
A1: PRESCRIPTION GENERATOR
A2: Select a condition in the yellow cell. Every field below is pulled live from the Master Matrix.
A4: SELECT CONDITION → | B4: Septic Arthritis of the Elbow
A6: Region | B6: =IFERROR(INDEX('Master Matrix'!A$4:A$41,MATCH($B$4,'Master Matrix'!$G$4:$G$41,0)),"") -> Neurological
A7: Activity level | B7: =IFERROR(INDEX('Master Matrix'!B$4:B$41,MATCH($B$4,'Master Matrix'!$G$4:$G$41,0)),"") -> Any; immunosuppression, diabetes, penetrating injury or recent injection
A8: Common symptoms | B8: =IFERROR(INDEX('Master Matrix'!C$4:C$41,MATCH($B$4,'Master Matrix'!$G$4:$G$41,0)),"") -> Hot, swollen, exquisitely painful elbow with fever
A9: Age group | B9: =IFERROR(INDEX('Master Matrix'!D$4:D$41,MATCH($B$4,'Master Matrix'!$G$4:$G$41,0)),"") -> Any
A10: Onset | B10: =IFERROR(INDEX('Master Matrix'!E$4:E$41,MATCH($B$4,'Master Matrix'!$G$4:$G$41,0)),"") -> Sudden
A11: Predominance | B11: =IFERROR(INDEX('Master Matrix'!F$4:F$41,MATCH($B$4,'Master Matrix'!$G$4:$G$41,0)),"") -> Equal
A12: High-yield diagnostic question | B12: =IFERROR(INDEX('Master Matrix'!H$4:H$41,MATCH($B$4,'Master Matrix'!$G$4:$G$41,0)),"") -> Did severe elbow pain and swelling come on quickly with fever, and is any movement excruciating?
A13: Special test + imaging | B13: =IFERROR(INDEX('Master Matrix'!I$4:I$41,MATCH($B$4,'Master Matrix'!$G$4:$G$41,0)),"") -> Marked pain limiting ALL active and passive movement; warmth, swelling and effusion; fever and systemic illness; URGENT ASPIRATION for cell count, Gram stain and culture; inflammatory markers and blood cultures
A14: Underlying biomechanical cause | B14: =IFERROR(INDEX('Master Matrix'!J$4:J$41,MATCH($B$4,'Master Matrix'!$G$4:$G$41,0)),"") -> Infective - haematogenous spread, penetrating injury, or contamination following injection or surgery. Not biomechanical. DISTINGUISH FROM SEPTIC OLECRANON BURSITIS, which is superficial with relatively preserved joint range
A15: DESIRED ACTIVITY GOAL | B15: =IFERROR(INDEX('Master Matrix'!K$4:K$41,MATCH($B$4,'Master Matrix'!$G$4:$G$41,0)),"") -> Eradicate the infection, then restore range, strength and function
A16: PHYSIOTHERAPY SPECIFIC EXERCISE | B16: =IFERROR(INDEX('Master Matrix'!L$4:L$41,MATCH($B$4,'Master Matrix'!$G$4:$G$41,0)),"") -> NONE until medically cleared. Post-clearance: gentle range restoration (the elbow stiffens quickly), progressive strengthening, and graded return to function in a joint that may have sustained cartilage damage
A17: Pain mechanism | B17: =IFERROR(INDEX('Master Matrix'!M$4:M$41,MATCH($B$4,'Master Matrix'!$G$4:$G$41,0)),"") -> Inflammatory / infective
A18: Classification / cluster | B18: =IFERROR(INDEX('Master Matrix'!N$4:N$41,MATCH($B$4,'Master Matrix'!$G$4:$G$41,0)),"") -> Neurological/systemic group - EMERGENCY. Pain on ALL movement with systemic features distinguishes septic arthritis from septic bursitis, where range is relatively preserved
A19: RED FLAG STATUS | B19: =IFERROR(INDEX('Master Matrix'!O$4:O$41,MATCH($B$4,'Master Matrix'!$G$4:$G$41,0)),"") -> YES - EMERGENCY. Cartilage destruction begins within days. Rehabilitation is contraindicated until the infection is managed
A20: MANAGEMENT EMPHASIS | B20: =IFERROR(INDEX('Master Matrix'!P$4:P$41,MATCH($B$4,'Master Matrix'!$G$4:$G$41,0)),"") -> URGENT medical and orthopaedic referral for aspiration, culture and intravenous antibiotics, with surgical washout as indicated. Do not treat locally under any circumstances
A21: Loading stage & entry dose | B21: =IFERROR(INDEX('Master Matrix'!Q$4:Q$41,MATCH($B$4,'Master Matrix'!$G$4:$G$41,0)),"") -> None until cleared. Post-clearance: early gentle range is the priority, then progressive strengthening
A22: BIOMECHANICAL CORRECTIONS & KINETIC CHAIN | B22: =IFERROR(INDEX('Master Matrix'!R$4:R$41,MATCH($B$4,'Master Matrix'!$G$4:$G$41,0)),"") -> Post-infection: restore range early because the elbow stiffens fast, reverse disuse deconditioning, rebuild grip, forearm and scapular capacity, and adapt for any residual joint damage
A23: Manual therapy, bracing & adjuncts | B23: =IFERROR(INDEX('Master Matrix'!S$4:S$41,MATCH($B$4,'Master Matrix'!$G$4:$G$41,0)),"") -> None in the acute phase
A24: Advanced / surgical options | B24: =IFERROR(INDEX('Master Matrix'!T$4:T$41,MATCH($B$4,'Master Matrix'!$G$4:$G$41,0)),"") -> Urgent aspiration, intravenous antibiotics and surgical washout
A25: Outcome measures | B25: =IFERROR(INDEX('Master Matrix'!U$4:U$41,MATCH($B$4,'Master Matrix'!$G$4:$G$41,0)),"") -> Medical markers (CRP, ESR, white cell count); post-recovery MEPS and range
A26: Re-testable markers | B26: =IFERROR(INDEX('Master Matrix'!V$4:V$41,MATCH($B$4,'Master Matrix'!$G$4:$G$41,0)),"") -> Post-recovery: range, strength, functional tasks
A27: Expected timeline | B27: =IFERROR(INDEX('Master Matrix'!W$4:W$41,MATCH($B$4,'Master Matrix'!$G$4:$G$41,0)),"") -> Medical resolution first; rehabilitation over 3-6 months thereafter
A28: Referral / surgical trigger | B28: =IFERROR(INDEX('Master Matrix'!X$4:X$41,MATCH($B$4,'Master Matrix'!$G$4:$G$41,0)),"") -> IMMEDIATE - emergency medical referral
A29: Evidence anchor | B29: =IFERROR(INDEX('Master Matrix'!Y$4:Y$41,MATCH($B$4,'Master Matrix'!$G$4:$G$41,0)),"") -> Septic arthritis emergency pathways
A31: NOTES
A32: • Green text is pulled from the Master Matrix — edit the matrix, not this sheet.
A33: • Check RED FLAG STATUS first. A crimson entry means screen or refer before rehabilitating.
A34: • The DESIRED ACTIVITY GOAL and PHYSIOTHERAPY SPECIFIC EXERCISE rows are written to be handed straight to the patient.
A35: • Print this sheet (portrait, fit to one page wide) for the patient file.

Sheet Assessment Roadmap
A1: FIVE-GATE ASSESSMENT ROADMAP
A2: Work top to bottom. Gate 4 — quadrant, then tissue — does most of the diagnostic work.
A3: Gate | B3: Purpose | C3: What You Assess | D3: Findings That Matter | E3: Decision Rule
A4: GATE 1 | B4: Screen for serious and time-critical pathology | C4: Compartment syndrome; septic arthritis; acute tendon rupture; fracture; neurovascular compromise; malignancy | D4: ESCALATING FOREARM PAIN OUT OF PROPORTION with pain on passive finger extension = COMPARTMENT SYNDROME (normal pulses do NOT exclude it). Hot swollen elbow with fever and pain on ALL movement = septic arthritis. Sudden inability to extend against gravity = triceps rupture. Pop with a positive hook test = distal biceps rupture. Deformity with inability to move after a fall = fracture. Any child with a displaced supracondylar fracture is an emergency | E4: Any positive -> refer BEFORE any local treatment
A5: GATE 2 | B5: Screen the cervical spine and the shoulder | C5: Cervical range, Spurling, distraction, neurodynamic tests; shoulder range and scapular control | D5: WAINNER CLUSTER: Spurling positive + distraction relief + upper limb neurodynamic test positive + cervical rotation under 60 degrees. Pain travelling past the elbow into the hand with dermatomal or myotomal signs. Symptoms changed more by neck than elbow movement. Also assess the SHOULDER - scapular and cuff deficits load the elbow distally in every throwing and gripping presentation | E5: The elbow is frequently the messenger, not the message - clear the neck and assess the shoulder before committing
A6: GATE 3 | B6: Traumatic or overuse? | C6: Mechanism, timing, and whether there was a discrete event | D6: TRAUMATIC: fall onto outstretched hand (radial head, supracondylar, capsular), a pop with bruising (biceps or triceps rupture), a dislocation (collateral ligaments, PLRI), forced hyperextension. OVERUSE: gradual onset with a load or volume change - tendinopathy, bone stress, apophysitis, nerve compression. SKELETAL IMMATURITY changes everything: the apophysis and physis fail before the tendon or ligament | E6: Traumatic weakness after a pop is a surgical question, not a rehabilitation one
A7: GATE 4 | B7: Which quadrant, and is it TENDON, LIGAMENT, NERVE, JOINT or BONE? | C7: Localise by quadrant, then by tissue - the branch that does most of the diagnostic work | D7: LATERAL: ECRB origin = tendinopathy; 4-5 cm distal with supination pain = radial tunnel; joint line with clicking = plica or chondral; locking with lost extension = OCD or loose body; giving way on push-up = PLRI. MEDIAL: flexor origin = tendinopathy; UCL with valgus pain in a thrower = UCL; ulnar distribution numbness = cubital tunnel; apophysis in a child = Little League elbow. POSTERIOR: tip swelling = bursitis; terminal extension pain in a thrower = valgus extension overload; extension weakness = triceps rupture. ANTERIOR: resisted supination pain = distal biceps; a pop with a positive hook test = rupture | E7: Quadrant plus tissue type gives the working diagnosis in most presentations
A8: GATE 5 | B8: Quantify range, strength and irritability | C8: Flexion-extension and forearm rotation; PAIN-FREE GRIP STRENGTH; valgus and varus stability; nerve status | D8: Flexion, extension (loss of TERMINAL EXTENSION is the earliest and most sensitive sign of intra-articular pathology), pronation and supination; PAIN-FREE GRIP with a dynamometer both sides; resisted wrist extension, flexion, pronation and supination; valgus and varus stress; moving valgus stress test in throwers; full peripheral nerve screen; irritability grading | E8: These become the baseline re-testable markers. LOSS OF TERMINAL EXTENSION and REDUCED PAIN-FREE GRIP are the two highest-yield objective measures in the elbow
A10: DIAGNOSTIC ALGORITHM — NARRATIVE FLOW
A11: • Elbow pain → Emergencies? (compartment syndrome, sepsis, acute rupture, fracture, neurovascular) → YES: refer. NO ↓
A12: • Referred from the neck, or driven by a weak shoulder girdle? → Treat the source; address the scapula and cuff regardless. ↓
A13: • Traumatic or overuse? A pop with weakness after trauma is a SURGICAL question. ↓
A14: • SKELETALLY IMMATURE? The apophysis and physis fail first — image BOTH elbows. ↓
A15: • LATERAL → ECRB origin tenderness with reduced pain-free grip = tendinopathy. Tender 4-5 cm distal with resisted supination pain = radial tunnel. Clicking at the joint line = plica or chondral. Locking with lost extension = OCD or loose body. Giving way on push-up = PLRI.
A16: • MEDIAL → flexor origin tenderness = tendinopathy. Valgus pain at late cocking with a positive moving valgus stress test = UCL. Ulnar numbness = cubital tunnel. Apophyseal tenderness in a child = Little League elbow.
A17: • POSTERIOR → tip swelling = bursitis. Terminal extension pain in a thrower = valgus extension overload. Extension weakness = triceps rupture. Locking = loose body.
A18: • ANTERIOR → resisted supination pain with an intact hook test = distal biceps tendinopathy. A pop with a POSITIVE hook test = rupture. Deep pain on resisted flexion in pronation = brachialis.
A19: • Then quantify range with END-FEEL, PAIN-FREE GRIP, resisted testing, stability and nerve status → set baseline markers → enter the Phased Programme.
A21: CLINICAL PEARL
A22: • Convert every diagnosis into two or three re-testable markers BEFORE you treat — PAIN-FREE GRIP, terminal extension range, and pain on the primary resisted test.
A23: • If those markers do not improve over 4-6 weeks of appropriate loading, RECONSIDER THE DIAGNOSIS rather than adding modalities. The elbow has more mimics than almost any other region.

Sheet Subjective Exam
A1: SUBJECTIVE EXAMINATION TEMPLATE
A2: Yellow column is the input column. In the elbow, the history plus quadrant localisation makes most of the diagnosis.
A3: Domain | B3: What to Ask | C3: Why It Matters | D3: Findings (fill in)
A4: Demographics & context | B4: Age; hand dominance; occupation (gripping, tools, vibration); sport and level; gym content | C4: Age and skeletal maturity change the differential completely; occupation is often the load driver | D4: e.g. 46 y, right dominant, plumber, tennis twice weekly
A5: SKELETAL MATURITY | B5: In anyone under about 18: are the growth plates closed? What sport and what volume? | C5: THE APOPHYSIS FAILS BEFORE THE TENDON OR LIGAMENT. This single question changes the diagnosis, the imaging and the management
A6: Onset & mechanism | B6: Traumatic (fall on outstretched hand, a pop, a dislocation, hyperextension) or gradual overuse? | C6: A pop with weakness is a surgical question; gradual onset with a load change is an overuse question
A7: Pain location | B7: Point with one finger: lateral / medial / posterior / anterior / deep and diffuse | C7: The quadrant is the first branch. Then ask whether it is ON the bony point, distal to it, or at the joint line
A8: Aggravating tasks | B8: Gripping, lifting, turning a screwdriver, shaking hands, throwing, racquet strokes, pressing, pulling | C8: Gripping and lifting = tendon. Throwing at late cocking = UCL. Push-up giving way = PLRI. Supination = biceps or radial tunnel
A9: MECHANICAL SYMPTOMS | B9: Does it lock, catch, click, or refuse to straighten fully? | C9: Locking with lost extension is an INTRA-ARTICULAR sign — OCD, loose body — and needs imaging, not stretching
A10: NERVE SYMPTOMS | B10: Numbness or tingling — and exactly WHICH fingers? Any weakness or dropping things? | C10: Little and ring = ulnar. Thumb and index = median. Finger drop = PIN. WEAKNESS changes urgency in every nerve presentation
A11: Instability | B11: Does it feel like it will give way pushing up from a chair or off the floor? Has it ever dislocated? | C11: Giving way on push-up = PLRI. Prior dislocation or repeated lateral injection is the giveaway history
A12: Load & training change | B12: Recent change in work tasks, tools, gym volume, throwing or racquet volume, climbing grade | C12: Most overuse elbow pain is a load change on an unprepared elbow — reconstruct the 8-12 weeks before onset
A13: Equipment | B13: Racquet grip size and string tension; club grip; tool handles; handlebar height; paddle use | C13: Equipment is frequently the modifiable driver and is often never asked about
A14: NECK & SHOULDER SCREEN | B14: Any neck pain? Does moving the neck change it? Does the pain travel past the elbow into the hand? | C14: GATE 2 — the neck refers to the elbow, and a weak shoulder girdle loads the forearm distally
A15: RED FLAG SCREEN | B15: Escalating pain with forearm tightness? Fever or feeling unwell? A pop with sudden weakness? Constant night pain unrelated to movement? A child unable to use the arm? | C15: GATE 1 — compartment syndrome, sepsis, tendon rupture, fracture and malignancy all present here
A16: Systemic tendon risk | B16: Anabolic steroid use? Corticosteroid exposure? Fluoroquinolones? Kidney disease? Diabetes? | C16: These raise biceps and triceps rupture risk substantially and change your counselling on injection
... A20: Baseline outcome measure | B20: Which PROM will you use? (see Outcome Measures sheet) | C20: One PROM plus PAIN-FREE GRIP and range is the minimum dataset
A22: HOW TO FILL THIS SHEET
A23: • Row 4 shows an example entry in grey — overwrite it.
A24: • Four questions triage most elbow pain fast: "Point to it with one finger", "Does it lock, catch or refuse to straighten?", "Which fingers go numb?", and "Was there a pop?"
A25: • In anyone under 18, establish skeletal maturity before anything else — it changes the entire pathway.
A26: • If nothing in the physical examination reproduces the presenting pain, stop and refer.

Sheet Objective Exam
A1: PHYSICAL EXAMINATION TEMPLATE
A2: Yellow columns are input columns. Terminal extension with end-feel, and pain-free grip, are the two highest-yield measures.
A3: Section | B3: Item | C3: How to Test / What to Look For | D3: Involved (fill in) | E3: Uninvolved (fill in) | F3: Interpretation
A4: Observation | B4: Carrying angle & deformity | C4: Compare both sides; note cubitus varus or valgus, swelling, bruising | D4: e.g. symmetrical | E4: symmetrical | F4: Cubitus varus follows malunited supracondylar fracture
A5: Observation | B5: Swelling & effusion | C5: Posterolateral triangle fullness; olecranon tip swelling | F5: Joint effusion = intra-articular. Tip swelling = bursa
A6: Observation | B6: Muscle bulk | C6: Forearm bulk; FIRST DORSAL INTEROSSEOUS bulk in the hand | F6: First dorsal interosseous wasting = significant ulnar motor involvement — refer
A7: Palpation | B7: Lateral epicondyle / ECRB origin | C7: Focal tenderness 1-2 cm distal to the epicondyle | F7: Lateral elbow tendinopathy
A8: Palpation | B8: 4-5 cm distal over the supinator | C8: Tenderness in the muscle belly, not on the bone | F8: RADIAL TUNNEL — the key tennis elbow mimic
A9: Palpation | B9: Lateral joint line / radiocapitellar | C9: Tenderness posterior to the ECRB origin | F9: Plica, chondral lesion or OCD
A10: Palpation | B10: Medial epicondyle / flexor origin | C10: Focal tenderness just distal to the epicondyle | F10: Medial elbow tendinopathy
A11: Palpation | B11: UCL / medial joint line | C11: Tenderness over the ligament, not the flexor origin | F11: UCL injury — confirm with the moving valgus stress test
A12: Palpation | B12: Cubital tunnel | C12: Tinel; palpate for nerve subluxation on flexion | F12: Cubital tunnel syndrome; a palpable snap suggests subluxation
A13: Palpation | B13: Olecranon tip & triceps insertion | C13: Swelling, fluctuance, defect, tenderness | F13: Bursitis; triceps tendinopathy or tear
A14: Palpation | B14: Antecubital fossa / distal biceps | C14: Tenderness; perform the HOOK TEST | F14: Distal biceps tendinopathy or rupture
A15: Range (active) | B15: Flexion (degrees) | C15: Goniometry both sides | F15: Functional arc is approximately 30-130 degrees
A16: Range (active) | B16: TERMINAL EXTENSION (degrees) & END-FEEL | C16: Goniometry; note whether the end-feel is HARD (bony) or springy/capsular | F16: THE earliest sign of intra-articular pathology. HARD end-feel = bony block, not stiffness
... A38: Function | B38: Functional task performance | C38: Grip and lift a kettle; turn a screwdriver; push up from a chair; throwing or racquet action | F38: What the patient actually cares about — use as a re-test marker
A40: HOW TO FILL THIS SHEET
A41: • THE TWO MEASURES THAT MATTER MOST: TERMINAL EXTENSION WITH END-FEEL (a hard end-feel means a bony block, not stiffness) and PAIN-FREE GRIP STRENGTH (the best objective marker in overuse presentations).
A42: • Localise tenderness precisely. ON the lateral epicondyle = tendon. 4-5 cm DISTAL in the muscle = radial tunnel. At the JOINT LINE = intra-articular. That single distinction redirects the whole plan.
A43: • Perform the HOOK TEST in every anterior elbow presentation — a distal biceps rupture is time-sensitive and easy to miss because flexion is preserved.
A44: • Transfer range and grip figures into the Progress Tracker, which calculates symmetry and generates the readiness verdict automatically.
A45: • Row 4 shows an example entry in grey — overwrite it.

Sheet Special Tests
A1: SPECIAL TESTS
A2: No single elbow test is definitive. Cluster them — and note that the HOOK TEST and the lag-equivalent strength tests carry high specificity.
A3: Category | B3: Test | C3: Targets | D3: Positive Finding | E3: Clinical Note
A4: Lateral tendon | B4: Cozen test (resisted wrist extension) | C4: ECRB / common extensor origin | D4: Lateral epicondylar pain reproduced | E4: Sensitive; cluster with tenderness and grip
A5: Lateral tendon | B5: Mill test (passive wrist flexion with elbow extended) | C5: Common extensor origin | D5: Lateral epicondylar pain | E5: Passive counterpart to Cozen
A6: Lateral tendon | B6: Maudsley test (resisted middle finger extension) | C6: ECRB / also PIN | D6: Lateral pain | E6: Positive in BOTH tennis elbow and radial tunnel - not discriminating alone
A7: Lateral tendon | B7: PAIN-FREE GRIP STRENGTH | C7: Lateral elbow tendinopathy | D7: Reduced versus the uninvolved side | E7: THE single best objective marker and re-test measure
A8: Lateral nerve | B8: Resisted supination test | C8: Posterior interosseous nerve / radial tunnel | D8: Pain 4-5 cm distal to the epicondyle | E8: The key discriminator from tennis elbow
A9: Lateral joint | B9: Active radiocapitellar compression test | C9: Radiocapitellar chondral lesion / OCD | D9: Lateral pain on active pronation-supination with the elbow extended | E9: Screen in throwers and gymnasts
A10: Lateral instability | B10: Lateral pivot-shift test | C10: LUCL / posterolateral rotatory instability | D10: Apprehension or a clunk on valgus-supination-axial load | E10: Often needs examination under anaesthesia
A11: Lateral instability | B11: Chair push-up test | C11: PLRI | D11: Apprehension or giving way pushing up from a chair with forearm supinated | E11: The most practical clinical PLRI test
A12: Lateral instability | B12: Table-top relocation test | C12: PLRI | D12: Apprehension on push-up relieved by thumb pressure over the radial head | E12: Highly practical and specific
A13: Medial tendon | B13: Resisted wrist flexion and pronation | C13: Common flexor-pronator origin | D13: Medial epicondylar pain | E13: Cluster with focal tenderness and reduced grip
A14: Medial ligament | B14: Valgus stress test at 30 degrees | C14: UCL | D14: Pain or laxity with a soft endpoint | E14: Compare with the other side
... A33: Emergency | B33: Full peripheral nerve screen | C33: Radial, median, AIN, ulnar | D33: Motor and sensory deficit in a nerve distribution | E33: Document BEFORE and AFTER any manipulation or fixation

Sheet Clusters & Classification
A1: DIAGNOSTIC CLUSTERS & CLASSIFICATION FRAMEWORKS
A2: Clustering beats any single test. Then match the label to a management pathway.
A3: Cluster | B3: Feature 1 | C3: Feature 2 | D3: Feature 3 | E3: Working Diagnosis
A4: CLUSTER 1 | B4: Lateral elbow pain with gripping, lifting and wrist extension | C4: Focal tenderness 1-2 cm distal to the lateral epicondyle over the ECRB origin | D4: REDUCED PAIN-FREE GRIP STRENGTH versus the other side, with positive Cozen and Mill tests | E4: Lateral elbow tendinopathy (tennis elbow)
A5: CLUSTER 2 | B5: Medial elbow pain with gripping, throwing or the golf swing | C5: Focal tenderness at the common flexor-pronator origin distal to the medial epicondyle | D5: Pain on resisted wrist FLEXION AND PRONATION, with reduced pain-free grip. Ulnar nerve and UCL must be screened alongside | E5: Medial elbow tendinopathy (golfer's elbow)
A6: CLUSTER 3 | B6: Medial elbow pain at the late cocking or acceleration phase of throwing | C6: UCL tenderness at the medial joint line (not the flexor origin), with valgus laxity at 30 degrees | D6: POSITIVE MOVING VALGUS STRESS TEST - pain reproduced between 120 and 70 degrees of flexion | E6: Ulnar collateral ligament injury
A7: CLUSTER 4 | B7: Ulnar-sided numbness in the little and ring fingers | C7: Positive Tinel over the cubital tunnel and a positive elbow flexion test held 60 seconds | D7: Symptoms worse with sustained elbow flexion; intrinsic weakness and first dorsal interosseous wasting in advanced cases | E7: Cubital tunnel syndrome
A8: CLUSTER 5 | B8: Lateral elbow pain that has failed to respond to correct tendon loading | C8: Tenderness 4-5 cm DISTAL to the epicondyle over the supinator, not at the ECRB origin | D8: Pain on RESISTED SUPINATION and resisted middle finger extension | E8: Radial tunnel syndrome (the key tennis elbow mimic)
A9: CLUSTER 6 | B9: Loss of terminal extension with catching or locking | C9: Hard mechanical end-feel; effusion; lateral or posterior joint line tenderness | D9: Loose body or osteochondral lesion on imaging; positive radiocapitellar compression test | E9: Loose body / osteochondritis dissecans
A10: CLUSTER 7 | B10: Giving way on pushing up out of a chair or off the floor | C10: History of prior dislocation, or repeated corticosteroid injection at the lateral epicondyle | D10: Positive chair push-up and table-top relocation tests; positive lateral pivot-shift | E10: Posterolateral rotatory instability (PLRI)
A12: THE ONE-LINE DIFFERENTIATORS
A13: • Lateral pain with gripping, tender at the ECRB origin, reduced pain-free grip = lateral elbow tendinopathy
A14: • Lateral pain tender 4-5 cm DISTAL with pain on resisted SUPINATION = radial tunnel, not tennis elbow
A15: • Medial pain in a thrower at LATE COCKING with a positive moving valgus stress test = UCL injury
A16: • Medial pain with resisted wrist flexion and pronation, tender at the flexor origin = medial elbow tendinopathy
A17: • Numbness in the little and ring fingers, worse with sustained flexion = cubital tunnel syndrome
A18: • LOSS OF TERMINAL EXTENSION with a hard end-feel and locking = loose body or OCD, not stiffness
A19: • Giving way on push-up with a history of dislocation or repeated lateral injection = PLRI
A20: • Posterior pain at ball release with lost terminal extension in a thrower = valgus extension overload
A21: • A pop with bruising and a POSITIVE HOOK TEST = distal biceps rupture - refer within days
A22: • Inability to extend the elbow against gravity after trauma = triceps rupture - surgical presentation
A23: • ESCALATING forearm pain with pain on passive finger extension = compartment syndrome - EMERGENCY
... A25: • A child with elbow pain and lost motion = image it - Panner disease, OCD or fracture
A27: Framework | B27: Category / Stage | C27: What It Means | D27: Management Implication
A28: Tendinopathy continuum (Cook & Purdam) | B28: Reactive | C28: Acute overload; potentially reversible | D28: Reduce peak load; isometrics 5 x 30-45 s for analgesia; relative rest, not complete rest
A29: Tendinopathy continuum (Cook & Purdam) | B29: Dysrepair | C29: Failed healing with matrix disorganisation | D29: Progressive heavy slow resistance; address capacity deficits proximally and distally
A30: Tendinopathy continuum (Cook & Purdam) | B30: Degenerative | C30: Disorganised matrix; poor reversibility | D30: Heavy slow resistance to build capacity AROUND the pathology; consider ESWT as an adjunct
A31: Valgus overload triad (throwing elbow) | B31: Medial tension | C31: UCL and flexor-pronator mass under valgus TRACTION | D31: Flexor-pronator strengthening as the dynamic stabiliser; kinetic-chain correction; pitch counts
A32: Valgus overload triad (throwing elbow) | B32: Lateral compression | C32: Radiocapitellar joint under COMPRESSION - capitellar OCD | D32: Complete rest from throwing; imaging; stability of the lesion determines the pathway
A33: Valgus overload triad (throwing elbow) | B33: Posterior shear | C33: Posteromedial olecranon SHEAR - valgus extension overload | D33: Address the valgus driver first; conservative debridement only after assessing UCL competence
A34: Elbow instability spectrum (O'Driscoll) | B34: Stage 1 - LUCL disruption | C34: Posterolateral rotatory instability | D34: Dynamic stabiliser rehabilitation; LUCL reconstruction if significant
A35: Elbow instability spectrum (O'Driscoll) | B35: Stage 2 - anterior and posterior capsule | C35: Perched dislocation | D35: Protected early motion after reduction; avoid prolonged immobilisation
A36: Elbow instability spectrum (O'Driscoll) | B36: Stage 3 - MCL disruption | C36: Complete dislocation; terrible triad if with radial head and coronoid fracture | D36: Surgical stabilisation for the terrible triad; hinged bracing and early protected motion
A37: Nerve compression grading (McGowan, ulnar) | B37: Grade I - intermittent sensory | C37: Numbness only, intermittent | D37: Conservative: night splinting, activity modification, nerve gliding
A38: Nerve compression grading (McGowan, ulnar) | B38: Grade II - persistent sensory with mild motor | C38: Constant numbness, early weakness | D38: Conservative trial 3 months; escalate if not improving
... A41: Pain mechanism | B41: Nociceptive / Neuropathic / Nociplastic | C41: Load-related; nerve territory; disproportionate and spreading | D41: Nociceptive responds to load management; neuropathic needs the nerve source addressed; nociplastic needs education and graded exposure
A43: CLINICAL PEARL
A44: • Match the label to a management PATHWAY. Tendinopathy → staged progressive loading. Valgus overload → flexor-pronator capacity plus kinetic-chain correction. Instability → dynamic stabilisers, then reconstruction if significant. Nerve → remove the compression, and refer once there is MOTOR involvement.
A45: • THE VALGUS OVERLOAD TRIAD travels together in throwers: medial TRACTION (UCL), lateral COMPRESSION (capitellar OCD) and posterior SHEAR (valgus extension overload). Finding one means looking for the other two.
A46: • IN THE GROWING ATHLETE the apophysis and physis fail before the tendon or ligament — the same valgus load that causes UCL injury in an adult causes medial epicondyle apophysitis in a child.

Sheet Imaging Guide
A1: IMAGING GUIDE
A2: Most elbow pain is a clinical diagnosis. Image to answer a specific question — with two exceptions that always warrant imaging.
A3: Modality | B3: When to Request | C3: What It Answers | D3: Interpretation Caution
A4: Clinical examination alone | B4: The majority of atraumatic overuse presentations | C4: Lateral and medial tendinopathy, cubital tunnel, olecranon bursitis, pulled elbow with a classic history | D4: Most elbow pain is a clinical diagnosis. Image to answer a specific question
A5: Radiographs (AP, lateral, radiocapitellar) | B5: Trauma; loss of motion; suspected OA, OCD, loose body or fracture | C5: Fracture, dislocation, osteophytes, loose bodies, effusion (fat pad sign), OCD, calcific change | D5: The FAT PAD SIGN indicates an effusion and, after trauma, an occult fracture until proven otherwise
A6: Comparison radiographs of BOTH elbows | B6: ANY skeletally immature athlete with elbow pain | C6: Apophyseal widening (Little League elbow), ossification centre fragmentation (Panner), OCD | D6: Essential in children - the normal ossification sequence makes a single view hard to interpret
A7: Ultrasound | B7: Tendinopathy and tears; effusion; nerve assessment; DYNAMIC assessment of subluxation and snapping | C7: Tendon change, partial and full tears, bursal distension, nerve enlargement, dynamic ulnar nerve subluxation | D7: Excellent and dynamic in skilled hands; the investigation of choice for snapping and subluxation
A8: Dynamic stress ultrasound | B8: UCL assessment in throwing athletes | C8: Medial joint gapping under valgus stress compared with the contralateral side | D8: Particularly useful in throwers; asymptomatic laxity is common in high-level pitchers
A9: MRI | B9: OCD stability; UCL integrity; occult fracture; bone stress; soft-tissue masses | C9: Lesion stability, marrow oedema, ligament integrity, tendon tears, nerve compression | D9: Reserve for surgical decision-making or diagnostic uncertainty
A10: MR arthrogram | B10: UCL partial tears; labral-equivalent and chondral detail | C10: Undersurface UCL tears (the T-sign), chondral lesions | D10: More sensitive than plain MRI for partial UCL tears in throwers
A11: CT | B11: Fracture planning; loose bodies; heterotopic ossification; union assessment | C11: Bony detail, fragment position, loose bodies, osteophytes, HO maturity | D11: Superior to MRI for bony detail and for assessing union
A12: Nerve conduction studies / EMG | B12: Suspected ulnar, radial, PIN or median neuropathy | C12: Localisation, severity grading and a baseline for tracking recovery | D12: Also provides the baseline against which reinnervation is measured
A13: Aspiration | B13: Hot swollen elbow or olecranon bursa | C13: Cell count, Gram stain, culture, crystals | D13: URGENT where sepsis is suspected - do not delay for other imaging
A15: WHEN TO IMAGE
A16: • ANY skeletally immature athlete with elbow pain — comparison radiographs of BOTH elbows
A17: • LOSS OF TERMINAL EXTENSION, locking or catching — image for OCD and loose bodies
A18: • Trauma with deformity, inability to move, or suspected fracture or dislocation
A19: • A pop with weakness — confirm tendon or ligament rupture and plan surgery
A20: • Failure to respond to appropriate loaded rehabilitation over 3 months
A22: IMAGING TRAPS
A23: • A FAT PAD SIGN after trauma indicates an effusion and an occult fracture until proven otherwise.
A24: • The paediatric elbow has SIX ossification centres appearing in a predictable sequence (CRITOE) — comparison views of both elbows prevent misreading a normal centre as a fracture, and vice versa.
A25: • Asymptomatic UCL laxity and imaging change are common in high-level throwers — correlate with the clinical picture, not the scan alone.
A26: • MRI assesses OCD lesion STABILITY, which is the finding that determines whether rest or surgery is the pathway.

Sheet Phased Programme
A1: PHASED MANAGEMENT PROGRAMME
A2: Progress by capacity, not calendar — and remember the elbow stiffens faster than any other joint.
A3: Phase | B3: Name | C3: Typical Timing | D3: Goal | E3: Content | F3: Markers Tracked | G3: Exit Criteria
A4: Phase 0 | B4: Screen & Settle | C4: 0 - as required | D4: Exclude emergencies; clear the neck and shoulder; settle irritability; protect healing or repaired tissue | E4: Red flag and cervical screen; grade irritability; pain control; protected range and bracing per diagnosis or surgeon; ISOMETRIC loading for analgesia; MAINTAIN RANGE - the elbow stiffens faster than any other joint; education on load-capacity and realistic timelines | F4: Pain at rest and at night; available range; irritability grade | G4: Pain settling; range maintained or improving; the patient understands the plan and the timeline
A5: Phase 1 | B5: Restore Motion & Activate | C5: Weeks 0-4 | D5: Restore range (the priority in the elbow), reduce irritability, re-establish basic capacity | E5: ACTIVE and active-assisted range in flexion, extension, pronation and supination multiple times daily; LOW-LOAD PROLONGED STRETCH for stiffness (never high-force short-duration); isometric wrist extensor, flexor and grip loading 5 x 30-45 s; scapular and cuff activation; thoracic mobility | F5: Flexion, extension and forearm rotation range; pain-free grip strength; irritability | G5: Functional range achieved or improving; loading into acceptable pain (<=5/10 settling within 24 h); grip improving
A6: Phase 2 | B6: Build Capacity | C6: Weeks 4-12 | D6: Build tendon, muscle and grip capacity through the available range | E6: HEAVY SLOW RESISTANCE for the affected tendon 3-4 sets 8-15 RM, 3 s up / 3 s down, 3x/week; grip ENDURANCE work; forearm rotation loading; scapular and rotator cuff strengthening; trunk and lower-body kinetic-chain work in throwers and swingers | F6: Pain-free grip strength LSI; resisted testing pain; range; endurance to fatigue | G6: Grip LSI >=80%; full available range under load; resisted testing tolerable
A7: Phase 3 | B7: Energy Storage & Power | C7: Weeks 8-20 | D7: Restore rate of force development, eccentric capacity and load transfer | E7: Eccentric and energy-storage loading; plyometric work (medicine ball throws, rebounders, plyometric push-ups); closed-chain and weight-bearing progression; sport-specific movement patterns at sub-maximal intensity; continued heavy strength work 2x/week | F7: Plyometric tolerance; eccentric capacity; closed-chain and weight-bearing tolerance | G7: Plyometric progression completed without symptom escalation; full loading tolerated
A8: Phase 4 | B8: Sport / Occupation-Specific & Discharge | C8: Weeks 12+ (6-12 months post reconstruction) | D8: Replicate sport and occupational demands and prove readiness | E8: INTERVAL THROWING PROGRAMME (distance, then intensity, then mound work) for throwers; racquet or club progression; graded return to gripping and lifting volume at work; contact progression where relevant; load monitoring throughout | F8: Full return-to-sport battery; throwing or gripping volume tolerance; confidence | G8: Grip and strength LSI >=90%; full pain-free range; sport or work progression completed; no apprehension
A10: MASTER TREATMENT ALGORITHM
A11: • CONFIRM the diagnosis by quadrant and tissue, and set re-testable markers (PAIN-FREE GRIP, terminal extension range, resisted testing pain)
A12: • EDUCATE: load-capacity model, realistic timelines (lateral tendinopathy is 6-12 months), and why corticosteroid is not the answer
A13: • CORE CARE (0-12 weeks): irritability-matched progressive loading of the affected tissue PLUS scapular, cuff and kinetic-chain work; range restoration where stiffness is present
A14: • REASSESS at 4-6 weeks against baseline markers. Improving -> progress toward energy storage and sport. Not improving -> audit adherence, dosage, diagnosis and the load exposure at work or in sport
A15: • STALLED (>12 weeks): reconsider the diagnosis (radial tunnel, PLRI, plica, intra-articular pathology); add ESWT while CONTINUING to load; re-screen the neck and shoulder
A16: • REFRACTORY (6-12 months): surgical opinion for tendinopathy only after a genuinely well-delivered loading programme
A17: • TIME-CRITICAL EXCEPTIONS that bypass this sequence entirely: compartment syndrome, septic arthritis, distal biceps rupture, triceps rupture, displaced supracondylar fracture, complete UCL tear in a thrower, unstable OCD, and any skeletally immature thrower with medial or lateral pain
A19: PRINCIPLES OF LOAD MANAGEMENT
A20: • Relative, not complete, rest — de-loaded tendon and muscle lose capacity quickly.
A21: • MATCH INTENSITY TO IRRITABILITY. Reactive tendons need isometrics and peak-load reduction; settled tendons need heavy slow resistance.
A22: • For tendinopathy, loading INTO ACCEPTABLE PAIN (<=5/10 settling within 24 h) is safe and effective. FOR BONE STRESS AND OCD THE WINDOW IS PAIN-FREE — applying the tendon rule to a bone lesion prolongs it.
... A25: • SET THE TIMELINE EXPECTATION ON DAY ONE. Lateral elbow tendinopathy has a favourable but slow natural history over 6-12 months; unmanaged expectation is what drives injection-seeking.

Sheet Exercise & Dosage
A1: EXERCISE PRESCRIPTION & DOSAGE LIBRARY
A2: Match the diagnosis to a loading strategy and a stage. Adjust volume to irritability.
A3: Loading Category | B3: Purpose | C3: Example Exercises | D3: Dosage | E3: Best Suited To
A4: Isometric | B4: Analgesia; irritable or reactive stage; early activation | C4: Isometric wrist extension, wrist flexion, pronation, supination and grip holds | D4: 5 x 30-45 s holds, 1-2x/day | E4: Reactive lateral or medial tendinopathy; irritable presentations
A5: Heavy slow resistance | B5: Build tendon and muscle capacity - the core intervention | C5: Wrist extension or flexion with dumbbell or band; Tyler twist / reverse Tyler twist with a flexbar; pronation and supination with a weighted bar | D5: 3-4 sets, 8-15 RM, 3 s up / 3 s down, 3x/week | E5: Lateral and medial elbow tendinopathy; triceps and distal biceps tendinopathy
A6: Eccentric | B6: Alternative capacity route; comparable to heavy slow resistance | C6: Eccentric wrist extension; eccentric Tyler twist; eccentric biceps and triceps lowering | D6: 3 sets x 15, daily or 3-4 sets 6-8 reps 3x/week | E6: Tendinopathy at any elbow site
A7: Grip endurance | B7: The functional capacity that daily and occupational load actually demands | C7: Sustained grip holds, farmer's carry, repeated grip to fatigue, tool simulation | D7: 2-3 sets to fatigue, 3-5x/week | E7: Lateral and medial tendinopathy; manual workers; climbers
A8: Forearm rotation loading | B8: Pronation and supination capacity | C8: Weighted bar rotations, hammer curl, controlled supination against band | D8: 3-4 sets, 8-15 RM, 3x/week | E8: Distal biceps, radial tunnel recovery, post radial head fracture
A9: Antagonist balance | B9: Prevent the recurring one-sided forearm overload | C9: Wrist extensor loading in climbers and grapplers; wrist flexor loading in racquet athletes | D9: 2-3 sets, 10-15 reps, 3x/week | E9: Climbers, grapplers, racquet athletes - a preventive habit, not just rehab
A10: Flexor-pronator mass (valgus stabiliser) | B10: Dynamic protection of the UCL in throwers | C10: Wrist flexion, pronation and grip loading; forearm-focused strength blocks | D10: 3-4 sets, 8-15 RM, 3x/week | E10: UCL injury, valgus extension overload, all throwing athletes
A11: Scapular and rotator cuff | B11: Stop the forearm compensating for a weak proximal chain | C11: Prone Y and T, external rotation, row, serratus punch, wall slide | D11: 3-4 sets, 10-15 reps, 3x/week | E11: EVERY gripping and throwing presentation - a near-universal contributor
A12: Kinetic chain (trunk and lower body) | B12: Reduce the force the elbow has to generate | C12: Medicine ball rotational throws, hip and thoracic rotation mobility, single-leg and trunk work | D12: 2-3x/week | E12: Throwers, racquet athletes, golfers, javelin
A13: Closed-chain / proprioceptive | B13: Dynamic stability and joint position sense | C13: Wall push-up, quadruped weight shift, rhythmic stabilisation, progressing to floor and table | D13: 3-4 sets, 30-45 s, 3-5x/week | E13: PLRI, post-dislocation, gymnasts, post-stabilisation
A14: Low-load prolonged stretch | B14: The ONLY effective stretching approach for elbow stiffness | C14: Static progressive or turnbuckle splinting; sustained low-force positioning | D14: 20-30 min or longer, several times daily | E14: Post-traumatic and post-surgical stiffness. NEVER high-force short-duration
A15: Interval throwing programme | B15: Graded return to the throwing action | C15: Staged distance progression, then intensity, then mound work | D15: Alternate days; progress one stage only if pain-free during and for 24 h after | E15: All throwing athletes before return to competition
A17: THE GENERIC LOADING PROGRESSION
A18: • Stage 1 — Isometric loading for pain and early activation (5 x 30-45 s).
A19: • Stage 2 — Heavy slow resistance for the affected tendon, plus grip endurance.
A20: • Stage 3 — Eccentric, energy-storage and closed-chain loading.
A21: • Stage 4 — Sport or occupation-specific loading (interval throwing, racquet progression, graded work return).
A22: • SCAPULAR AND CUFF WORK runs through all four stages — a near-universal contributor that costs nothing to include.
A23: • ANTAGONIST TRAINING (wrist extensors in climbers and grapplers, wrist flexors in racquet athletes) is a preventive habit, not just rehabilitation.

Sheet Adjuncts & Advanced
A1: ADJUNCTS, ADVANCED THERAPEUTICS & REFERRAL OPTIONS
A2: These open a comfort window for loading. On their own they build no capacity — and one of them actively worsens 12-month outcomes.
A3: Tier | B3: Intervention | C3: Role | D3: Evidence Position | E3: Practical Note
A4: Adjunct | B4: Education & load management | C4: Foundational for all overuse elbow pain | D4: A high-value intervention in its own right | E4: Reframe expectations - lateral tendinopathy takes 6-12 months and the natural history is favourable but slow
A5: Adjunct | B5: Counterforce brace | C5: Short-term symptom relief in lateral and medial tendinopathy | D5: Modest short-term benefit | E5: Use it to open a comfort window for loading, not as a substitute for it
A6: Adjunct | B6: Wrist extension splint | C6: Lateral tendinopathy; resting the ECRB | D6: Short-term relief in irritable presentations | E6: Wean as loading progresses
A7: Adjunct | B7: NIGHT ELBOW EXTENSION SPLINT | C7: Cubital tunnel syndrome | D7: One of the highest-yield conservative interventions | E7: A towel wrap works if a splint is not available; keep the elbow under 45 degrees
A8: Adjunct | B8: Ergonomic and tool modification | C8: Reduce the provocative gripping and rotation load | D8: Central to occupational presentations | E8: Grip size, tool weight, handle design, workstation setup, racquet grip and string tension
A9: Adjunct | B9: Elbow padding | C9: Olecranon bursitis; contact sport | D9: Removes the friction and pressure driving it | E9: The key change in recurrent bursitis
A10: Adjunct | B10: Manual therapy / soft tissue | C10: Adjunct for pain and range | D10: Combine with exercise; not stand-alone | E10: Mulligan mobilisation-with-movement has short-term support in lateral tendinopathy
A11: Adjunct | B11: Taping | C11: Symptom modification to enable exercise | D11: Short-term | E11: Use it to unlock better loading
A12: Advanced | B12: ESWT | C12: Recalcitrant lateral and medial tendinopathy; triceps tendinopathy | D12: Reasonable support as an add-on when loading alone stalls | E12: Typically 3-5 weekly sessions; CONTINUE loading throughout
A13: Advanced | B13: Static progressive / turnbuckle splinting | C13: Established elbow stiffness and contracture | D13: Effective for capsular contracture; ineffective against a bony block | E13: Low load, long duration - the opposite of aggressive stretching
A14: Advanced | B14: PRP | C14: Recalcitrant lateral tendinopathy; partial UCL tears in throwers | D14: Mixed but more favourable than corticosteroid; emerging support in partial UCL tears | E14: Not a substitute for loading
... A20: Referral | B20: Rheumatology / medical | C20: Polyarticular swelling with prolonged morning stiffness; suspected sepsis; systemic tendon risk factors | D20: Medical management is primary | E20: Physiotherapy is adjunctive in inflammatory disease
A22: SEQUENCING ADVANCED CARE
A23: • CORTICOSTEROID INJECTION IS THE OUTLIER. In lateral elbow tendinopathy it gives short-term relief and WORSE outcomes at 12 months than exercise or wait-and-see. It also risks LUCL attenuation and posterolateral rotatory instability, and must NEVER be injected into the distal biceps or triceps insertion.
A24: • Optimise loading, education and adjuncts for 8-12 weeks first.
A25: • If stalled: RECONSIDER THE DIAGNOSIS before adding modalities — radial tunnel, plica, PLRI and intra-articular pathology all mimic tendinopathy.
A26: • Then add ESWT or consider PRP while CONTINUING to load.
A27: • Refer for surgical opinion for defined indications, or for refractory tendinopathy only after a genuine 6-12 month loading programme.

Sheet Post-Surgical Guide
A1: ELBOW SURGERY — PROTECTION & RETURN-TO-SPORT GUIDE
A2: 30 procedures across 9 categories. Timelines are general guidelines — ALWAYS follow the operating surgeon's protocol. Note that stiffness procedures INVERT the usual logic.
A3: # | B3: Procedure Category | C3: Procedure | D3: Indication | E3: MOVEMENTS TO AVOID | F3: Protection (period) | G3: Range Progression | H3: Gym / Loading | I3: Return to Sport
A4: 1 | B4: Lateral Tendon Procedures | C4: ECRB Debridement / Release (open or arthroscopic) | D4: Refractory lateral elbow tendinopathy after 6-12 months | E4: Resisted wrist extension; heavy gripping | F4: 2-3 weeks | G4: Immediate gentle range | H4: 6 weeks | I4: 3-4 months
A5: 1 | B5: Lateral Tendon Procedures | C5: Percutaneous Tenotomy / Ultrasonic Debridement | D5: Refractory lateral elbow tendinopathy | E5: Heavy gripping; resisted wrist extension | F5: 1-2 weeks | G5: Immediate | H5: 4-6 weeks | I5: 2-3 months
A6: 1 | B6: Lateral Tendon Procedures | C6: Medial Epicondylar Debridement | D6: Refractory medial elbow tendinopathy | E6: Resisted wrist flexion and pronation; heavy gripping | F6: 2-3 weeks | G6: Immediate gentle range | H6: 6 weeks | I6: 3-4 months
A7: 2 | B7: UCL Procedures | C7: UCL Reconstruction (Tommy John) | D7: Complete or attritional UCL tear in a throwing athlete | E7: VALGUS STRESS; throwing; terminal extension early | F7: 6 weeks (hinged brace) | G7: Protected 0-6 weeks; full by 12 weeks | H7: 16 weeks | I7: 9-12 months (interval throwing from 4-5 months)
A8: 2 | B8: UCL Procedures | C8: UCL Repair with Internal Brace | D8: Proximal or distal UCL avulsion with good tissue in a younger athlete | E8: Valgus stress; throwing | F8: 4-6 weeks (hinged brace) | G8: Protected 0-4 weeks; full by 8 weeks | H8: 12 weeks | I8: 6-9 months
A9: 2 | B9: UCL Procedures | C9: Medial Epicondyle Fixation | D9: Displaced medial epicondyle avulsion (>5 mm) in a young thrower | E9: Valgus stress; resisted wrist flexion | F9: 4-6 weeks | G9: Protected 0-4 weeks | H9: 12 weeks | I9: 4-6 months
A10: 3 | B10: Nerve Procedures | C10: Cubital Tunnel Decompression (in situ) | D10: Ulnar neuropathy without subluxation | E10: Minimal restrictions | F10: None - early motion | G10: Immediate | H10: 4-6 weeks | I10: 6-12 weeks
A11: 3 | B11: Nerve Procedures | C11: Ulnar Nerve Anterior Transposition | D11: Ulnar neuropathy with subluxation, or in a throwing athlete | E11: End-range flexion early; valgus stress if with UCL surgery | F11: 2-3 weeks | G11: Protected 0-2 weeks | H11: 6-8 weeks | I11: 3-4 months
A12: 3 | B12: Nerve Procedures | C12: Radial Tunnel / PIN Decompression | D12: Confirmed PIN compression or refractory radial tunnel syndrome | E12: Forceful supination early | F12: 1-2 weeks | G12: Immediate | H12: 6 weeks | I12: 3 months
A13: 3 | B13: Nerve Procedures | C13: Median Nerve Decompression at the Elbow | D13: Refractory pronator syndrome | E13: Forceful pronation early | F13: 1-2 weeks | G13: Immediate | H13: 6 weeks | I13: 3 months
A14: 4 | B14: Posterior Procedures | C14: Posteromedial Osteophyte Debridement (VEO) | D14: Valgus extension overload with mechanical symptoms | E14: Forced terminal extension early; throwing | F14: Minimal - EARLY MOTION | G14: Immediate | H14: 8 weeks | I14: 3-4 months
A15: 4 | B15: Posterior Procedures | C15: Loose Body Removal | D15: True mechanical block or locking | E15: Minimal restrictions | F15: Minimal - EARLY MOTION | G15: Immediate | H15: 4-6 weeks | I15: 6-12 weeks
... A33: 9 | B33: Arthroplasty | C33: Radiocapitellar / Interposition Arthroplasty | D33: Selected younger patients with isolated compartment disease | E33: Heavy loading and impact | F33: 3-4 weeks | G33: Protected 0-4 weeks | H33: 12 weeks | I33: Low-demand activity only
A35: Restriction | B35: What It Means | C35: Applies To
A36: VALGUS STRESS | B36: Avoid any valgus force and all throwing - it loads the medial reconstruction directly | C36: UCL reconstruction and repair, medial epicondyle fixation
A37: VARUS STRESS AND SUPINATION-EXTENSION | B37: Avoid varus load and the combined supination-extension position | C37: LUCL reconstruction, terrible triad repair
A38: RESISTED SUPINATION AND FLEXION | B38: Avoid loading the distal biceps at its insertion | C38: Distal biceps repair and debridement
A39: ACTIVE AND RESISTED EXTENSION | B39: No active extension against gravity or resistance - the repair cannot take triceps load | C39: Triceps tendon repair, olecranon stress fracture fixation
A40: RESISTED WRIST EXTENSION / FLEXION AND HEAVY GRIP | B40: Avoid loading the debrided tendon origin | C40: ECRB debridement, medial epicondylar debridement
A41: IMPACT, WEIGHT BEARING AND THROWING | B41: No axial load through the radiocapitellar joint while the graft or lesion heals | C41: OCD drilling, fragment fixation, OATS, radial head procedures
A42: NO RESTRICTION - IMMEDIATE INTENSIVE MOTION | B42: The risk is RE-STIFFENING; daily range work IS the treatment | C42: Capsular release, heterotopic ossification excision, ulnohumeral arthroplasty, loose body removal
A44: GENERAL REHABILITATION PRINCIPLES
A45: • THE ELBOW STIFFENS FASTER THAN ANY OTHER JOINT - early motion is the default unless the surgeon says otherwise
A46: • Protect the repair, but protect it for the shortest safe period
A47: • Restore range before strength, and strength before power
A48: • Use LOW-LOAD PROLONGED STRETCH for stiffness - never high-force short-duration passive stretching
A49: • Rebuild grip and forearm capacity alongside the elbow
A50: • Address the scapula, cuff and kinetic chain in every athletic and occupational case
A51: • Return to sport on criteria - grip and strength symmetry, full range, and completed sport-specific progression
A53: IMPORTANT
A54: • Timelines are general guidelines and vary with tissue quality, fixation, patient factors and surgeon preference
A55: • ALWAYS follow the specific post-operative protocol provided by the operating surgeon - it overrides everything here
A56: • STIFFNESS PROCEDURES INVERT THE USUAL LOGIC - immediate intensive motion is the treatment and immobilisation is the risk
... A58: • Heterotopic ossification risk is raised by aggressive passive stretching, head injury and burns - use low-load prolonged stretch instead

Sheet Sport Profiles
A1: SPORTING ELBOW — SPORT-SPECIFIC DEMANDS & INJURY RISK COMPARISON
A2: Your twenty-sport table, with a return-and-load column added for each: what the elbow is asked to do, what breaks, and what to manage on the way back.
A3: Sport | B3: Primary Elbow Demands | C3: Common Movements | D3: Common Injury Risks | E3: RETURN & LOAD CONSIDERATIONS
A4: Cricket | B4: Throwing power, grip strength, shock absorption | C4: Bowling, throwing, batting, catching | D4: Medial epicondylitis, valgus overload, UCL strain, tendinopathy | E4: Screen the UCL and the ulnar nerve in any medial presentation; apply age-appropriate bowling and throwing volume limits; build flexor-pronator capacity as the dynamic valgus stabiliser; staged interval throwing before return
A5: Tennis | B5: Repetitive forearm loading, racquet control | C5: Serve, forehand, backhand, volley | D5: Tennis elbow (lateral epicondylitis), golfer's elbow, tendinitis | E5: Review grip size, string tension and backhand technique; build scapular and trunk contribution so the forearm is not generating racquet-head speed; progress playing volume gradually
A6: Badminton | B6: Explosive overhead power, wrist-elbow coordination | C6: Smash, clear, drop shot, drive | D6: Lateral elbow pain, triceps tendinopathy, overuse injuries | E6: Count smashes as the load metric; build triceps and scapular capacity; review grip size and racquet weight; graded return to smash volume
A7: Baseball | B7: High-velocity throwing stability | C7: Pitching, throwing, batting | D7: UCL injury, valgus extension overload, flexor-pronator strain | E7: STRICT pitch counts with mandatory rest days; no throwing while fatigued; screen the whole valgus overload triad; interval throwing programme for every return; in skeletally immature players image both elbows
A8: Volleyball | B8: Rapid extension power, shock transfer | C8: Spiking, serving, blocking | D8: Olecranon bursitis, triceps tendinopathy, hyperextension injuries | E8: Elbow padding for dive and floor contact; build triceps capacity; screen for hyperextension instability; count spikes as the load metric
A9: Weightlifting / CrossFit | B9: Load transfer and elbow stabilization | C9: Pressing, pulling, Olympic lifts | D9: Tendinopathy, ligament strain, joint impingement | E9: Review pressing and dip depth and volume; balance pushing with pulling; check the receiving position in Olympic lifts; screen for distal biceps and triceps risk factors including anabolic steroid use
A10: Gymnastics | B10: Weight-bearing stability, joint control | C10: Handstands, tumbling, rings work | D10: Osteochondritis, hyperextension injury, ligament sprain | E10: ANY lateral elbow pain with lost extension needs imaging for capitellar OCD; cap upper-limb weight-bearing volume; build closed-chain capacity; screen for hyperextension and PLRI
A11: Golf | B11: Rotational force transmission | C11: Swing acceleration and deceleration | D11: Golfer's elbow, extensor tendinopathy | E11: Correct an over-the-top downswing and ground strike; review club grip size and shaft stiffness; build trunk and hip rotation so the arms are not generating the swing; graded return to range and round volume
A12: Swimming | B12: Repetitive propulsion and pull mechanics | C12: Freestyle pull-through, butterfly recovery | D12: Tendinitis, valgus stress irritation, nerve entrapment | E12: Review stroke technique and hand entry; monitor weekly distance; build scapular and cuff ENDURANCE rather than peak strength; check paddle use, which markedly increases elbow load
A13: Boxing / MMA | B13: Force generation and impact absorption | C13: Punching, grappling, blocking | D13: Hyperextension injury, ligament sprain, olecranon bursitis | E13: Elbow padding for ground work; screen for hyperextension instability and PLRI after arm locks; build closed-chain and dynamic stabiliser capacity; graded return to sparring
A14: Rock Climbing | B14: Grip endurance, pulling stability | C14: Crimping, pulling, locking off | D14: Medial elbow tendinopathy, biceps strain, nerve irritation | E14: ANTAGONIST (wrist extensor and triceps) training is the key preventive habit; progress grade and volume gradually with genuine recovery days; vary grip types; brachialis strain is slow - set the expectation early
... A23: Kabaddi | B23: Forceful pushing and falls | C23: Tackling, resisting, grabbing | D23: Elbow sprain, dislocation, contusion | E23: High dislocation and contusion exposure - after dislocation use early protected motion and screen for PLRI; build closed-chain capacity and fall technique; elbow padding where permitted
A25: CROSS-CUTTING THEMES FROM THE SPORT TABLE
A26: • THROWING SPORTS (baseball, cricket, javelin): screen the full VALGUS OVERLOAD TRIAD — medial traction, lateral compression and posterior shear. Strict throw counts, mandatory rest days, and no throwing while fatigued. Every return goes through a staged interval throwing programme.
A27: • RACQUET AND BAT SPORTS (tennis, badminton, table tennis, golf, cricket batting): equipment is a modifiable driver — review grip size, string tension, club shaft and blade weight before blaming the tendon.
A28: • GRIPPING AND PULLING SPORTS (climbing, rowing, grappling): ANTAGONIST training is the key preventive habit, and grade or volume progression outpacing tissue adaptation is almost always the load error.
A29: • WEIGHT-BEARING SPORTS (gymnastics, CrossFit, boxing ground work): any lateral elbow pain with lost extension needs imaging for capitellar OCD, and closed-chain capacity is the rehabilitation target.
A30: • CONTACT AND COLLISION SPORTS (rugby, American football, kabaddi, wrestling, judo): after dislocation, EARLY protected motion beats immobilisation, and PLRI must be excluded before return.

Sheet Return to Sport
A1: RETURN-TO-SPORT & WORK CRITERIA
A2: Discharge on capacity and control, not on comfort. In the elbow, pain-free grip symmetry is the anchor measure.
A3: Criterion | B3: Target | C3: How to Measure
A4: Pain | B4: No pain at rest, at night, or with daily gripping and lifting | C4: NPRS; night pain frequency
A5: Range of motion | B5: Full and symmetrical flexion, extension, pronation and supination | C5: Goniometry both sides; a functional arc is 30-130 degrees flexion-extension and 50-50 rotation
A6: PAIN-FREE GRIP STRENGTH | B6: >=90% of the uninvolved side - the single most important elbow measure | C6: Hand dynamometer, best of three, both sides
A7: Wrist extensor / flexor strength | B7: >=90% of the uninvolved side | C7: Handheld dynamometry or standardised loading
A8: Supination and pronation strength | B8: >=90% of the uninvolved side (essential after distal biceps injury) | C8: Handheld dynamometry or torque testing
A9: Triceps extension strength | B9: >=90% of the uninvolved side (essential after triceps injury) | C9: Handheld dynamometry
A10: Endurance to fatigue | B10: Symmetrical grip and forearm endurance, not just peak strength | C10: Repeated grip or task simulation to fatigue
A11: Valgus stability | B11: No pain or laxity on valgus stress and moving valgus stress testing (throwers) | C11: Clinical testing; stress ultrasound where available
A12: Sport-specific progression | B12: Interval throwing, racquet or lifting progression completed at full intensity | C12: Documented staged progression without symptom escalation
A13: Psychological readiness | B13: Confidence restored; no apprehension or guarding on loading | C13: SANE; patient-reported confidence; KJOC in throwers
A15: CLINICAL PEARL
A16: • A worker or athlete whose elbow feels better but still has a 20% pain-free grip deficit is primed to relapse when full task volume returns.
A17: • For throwers, valgus stability and a completed interval throwing programme are non-negotiable — velocity and control return last.
A18: • For manual workers, ENDURANCE to fatigue matters more than peak strength — test it with repeated grip or task simulation.
A19: • Use the Progress Tracker to calculate symmetry and generate an automatic pass/fail against these criteria.
A20: • Cross-reference the Sport Profiles sheet for what the athlete's specific sport will ask of the elbow on return.

Sheet Progress Tracker
A1: PROGRESS TRACKER & READINESS CALCULATOR
A2: Enter values in the yellow cells only. Range deficits, pain-free grip symmetry and strength symmetry calculate automatically.
A4: PATIENT & CASE DETAILS
A5: Patient ID / initials | B5: e.g. PR-052 | F5: Desired activity goal for this condition:
A6: Condition (as listed in Master Matrix) | B6: Lateral Elbow Tendinopathy (Common Extensor / ECRB) | F6: =IFERROR(INDEX('Master Matrix'!K$4:K$41,MATCH($B$6,'Master Matrix'!$G$4:$G$41,0)),"Enter a condition exactly as listed in the Master Matrix") -> Grip, lift and carry through a full working day without lateral elbow pain
A7: Involved side | B7: Right
A8: Assessment date
A10: RANGE OF MOTION (degrees) — target: symmetrical
A11: Movement | B11: Involved | C11: Uninvolved | D11: Unit | E11: Deficit | F11: Status | G11: Note
A12: TERMINAL EXTENSION | B12: -12 | C12: 0 | D12: deg | E12: =IF(OR(B12="",C12=""),"",ABS(C12-B12)) -> 12 | F12: =IF(E12="","",IF(E12<=5,"SYMMETRICAL",IF(E12<=15,"MILD DEFICIT","RESTRICTED"))) -> MILD DEFICIT | G12: THE earliest sign of intra-articular pathology. Record extension as a NEGATIVE number if it lacks full straightening, and NOTE THE END-FEEL
A13: Flexion | D13: deg | E13: =IF(OR(B13="",C13=""),"",ABS(C13-B13)) | F13: =IF(E13="","",IF(E13<=5,"SYMMETRICAL",IF(E13<=15,"MILD DEFICIT","RESTRICTED")))
A14: Pronation | D14: deg | E14: =IF(OR(B14="",C14=""),"",ABS(C14-B14)) | F14: =IF(E14="","",IF(E14<=5,"SYMMETRICAL",IF(E14<=15,"MILD DEFICIT","RESTRICTED")))
A15: Supination | D15: deg | E15: =IF(OR(B15="",C15=""),"",ABS(C15-B15)) | F15: =IF(E15="","",IF(E15<=5,"SYMMETRICAL",IF(E15<=15,"MILD DEFICIT","RESTRICTED")))
A16: Terminal extension END-FEEL | B16: springy / capsular | D16: A HARD end-feel means a bony block, not stiffness — image it rather than stretch it
A18: GRIP STRENGTH — THE KEY ELBOW MARKER
A19: Measure | B19: Involved | C19: Uninvolved | D19: Unit | E19: LSI | F19: Status | G19: Note
A20: PAIN-FREE GRIP | B20: 18 | C20: 42 | D20: kg | E20: =IF(N(C20)=0,"",B20/C20) -> 0.42857143 | F20: =IF(E20="","",IF(E20>=0.9,"PASS","NOT YET")) -> NOT YET | G20: Dynamometer, best of three, stop at FIRST pain — diagnostic test, treatment target AND discharge criterion
A21: Maximum grip | D21: kg | E21: =IF(N(C21)=0,"",B21/C21) | F21: =IF(E21="","",IF(E21>=0.9,"PASS","NOT YET"))
A23: FOREARM & ELBOW STRENGTH — LIMB SYMMETRY INDEX
A24: Measure | B24: Involved | C24: Uninvolved | D24: Unit | E24: LSI | F24: Status | G24: Note
A25: Wrist extension | B25: 8 | C25: 12 | D25: kg | E25: =IF(N(C25)=0,"",B25/C25) -> 0.66666667 | F25: =IF(E25="","",IF(E25>=$B$42,"PASS","NOT YET")) -> NOT YET
A26: Wrist flexion | D26: kg | E26: =IF(N(C26)=0,"",B26/C26) | F26: =IF(E26="","",IF(E26>=$B$42,"PASS","NOT YET"))
A27: Supination | D27: kg | E27: =IF(N(C27)=0,"",B27/C27) | F27: =IF(E27="","",IF(E27>=$B$42,"PASS","NOT YET")) | G27: Supination symmetry is the key measure after distal biceps injury
A28: Pronation | D28: kg | E28: =IF(N(C28)=0,"",B28/C28) | F28: =IF(E28="","",IF(E28>=$B$42,"PASS","NOT YET"))
A29: Elbow extension (triceps) | D29: kg | E29: =IF(N(C29)=0,"",B29/C29) | F29: =IF(E29="","",IF(E29>=$B$42,"PASS","NOT YET"))
A30: Elbow flexion | D30: kg | E30: =IF(N(C30)=0,"",B30/C30) | F30: =IF(E30="","",IF(E30>=$B$42,"PASS","NOT YET"))
A32: RE-TESTABLE MARKERS — BASELINE vs CURRENT
A33: Marker | B33: Baseline | C33: Current | D33: Unit | E33: Change | F33: % Change | G33: Direction of improvement
A34: Primary resisted test pain (NRS 0-10) | B34: 7 | C34: 3 | D34: /10 | E34: =IF(OR(B34="",C34=""),"",C34-B34) -> -4 | F34: =IF(OR(N(B34)=0,C34=""),"",(C34-B34)/B34) -> -0.57142857 | G34: Lower is better
A35: Gripping / lifting work tolerance | D35: min or hours | E35: =IF(OR(B35="",C35=""),"",C35-B35) | F35: =IF(OR(N(B35)=0,C35=""),"",(C35-B35)/B35) | G35: Higher is better
A36: Throwing or racquet volume tolerance | D36: throws or minutes | E36: =IF(OR(B36="",C36=""),"",C36-B36) | F36: =IF(OR(N(B36)=0,C36=""),"",(C36-B36)/B36) | G36: Higher is better
A37: Night pain / sleep disturbance (0-3) | D37: grade | E37: =IF(OR(B37="",C37=""),"",C37-B37) | F37: =IF(OR(N(B37)=0,C37=""),"",(C37-B37)/B37) | G37: Lower is better
A38: Nerve symptom frequency (0-3) | D38: grade | E38: =IF(OR(B38="",C38=""),"",C38-B38) | F38: =IF(OR(N(B38)=0,C38=""),"",(C38-B38)/B38) | G38: Lower is better
A39: PROM score (PRTEE / QuickDASH / MEPS / OES) | D39: points | E39: =IF(OR(B39="",C39=""),"",C39-B39) | F39: =IF(OR(N(B39)=0,C39=""),"",(C39-B39)/B39) | G39: Check the PROM's scoring direction
A41: RETURN-TO-SPORT / WORK READINESS
A42: LSI target threshold (editable) | B42: 0.9
A43: Strength tests entered | B43: =COUNT(E25:E30) -> 1
A44: Strength tests passed | B44: =COUNTIF(F25:F30,"PASS") -> 0
A45: Grip measures passed | B45: =COUNTIF(F20:F21,"PASS") -> 0
A46: Range measures symmetrical or mild | B46: =COUNTIF(F12:F15,"SYMMETRICAL")+COUNTIF(F12:F15,"MILD DEFICIT") -> 1
A47: Full pain-free range with a normal (non-hard) terminal extension end-feel | B47: NO
A48: Sport or work-specific progression completed (interval throwing / racquet / graded work return) | B48: NO
A49: The load error that caused this has been identified and corrected (task, tool, equipment or volume) | B49: NO
A50: Neck and shoulder girdle screened and addressed | B50: NO
A52: OVERALL READINESS STATUS → | C52: =IF(COUNT(E20:E21)=0,"Enter test data to calculate",IF(AND(COUNTIF(F20:F21,"NOT YET")=0,COUNT(E25:E30)>=3,COUNTIF(F25:F30,"NOT YET")=0,COUNTIF(F12:F15,"RESTRICTED")=0,COUNTIF(B47:B50,"YES")=4),"READY — all criteria met","NOT YET — criteria outstanding: continue loading and re-test")) -> NOT YET — criteria outstanding: continue loading and re-test
A54: HOW TO USE THIS SHEET
A55: • Yellow cells are inputs. Every other cell is a formula — do not overwrite them.
A56: • PAIN-FREE GRIP STRENGTH is the single most useful objective marker in the overuse elbow. Dynamometer, best of three, same handle position each time, and STOP AT FIRST PAIN — that is the whole point of the measure.
A57: • Record TERMINAL EXTENSION as a negative number where the elbow lacks full straightening (for example -12 degrees), and always record the END-FEEL alongside it.
A58: • A HARD terminal extension end-feel is a BONY BLOCK — loose body, osteophyte or OCD. It will not respond to stretching and needs imaging.
A59: • Discharge criteria include correcting the load error that caused the injury. Returning a worker to the same tool and task volume that broke them is why elbow tendinopathy recurs.
A60: • Example values are pre-filled in the first row of each block — overwrite them.

Sheet Outcome Measures
A1: OUTCOME MEASURES
A2: One patient-reported measure plus two or three objective markers is the minimum baseline dataset.
A3: Measure | B3: Full Name | C3: What It Captures | D3: Scoring | E3: Best Suited To
A4: PRTEE | B4: Patient-Rated Tennis Elbow Evaluation | C4: Pain and function in lateral elbow tendinopathy | D4: 0-100 (lower = better) | E4: Lateral elbow tendinopathy - the condition-specific standard
A5: QuickDASH | B5: Quick Disabilities of the Arm, Shoulder and Hand | C5: Upper limb function and disability | D5: 0-100 (lower = better) | E5: All elbow conditions; useful across diagnoses
A6: MEPS | B6: Mayo Elbow Performance Score | C6: Pain, motion, stability and function | D6: 0-100 (higher = better) | E6: Trauma, instability, arthritis, post-surgical
A7: OES | B7: Oxford Elbow Score | C7: Pain, function and social-psychological impact | D7: 0-48 (higher = better) | E7: Elbow arthritis and arthroplasty
A8: KJOC | B8: Kerlan-Jobe Orthopaedic Clinic score | C8: Overhead athlete PERFORMANCE, not just symptoms | D8: 0-100 (higher = better) | E8: Throwing athletes - UCL, valgus extension overload, OCD
A9: SANE | B9: Single Assessment Numeric Evaluation | C9: Overall rating as a percentage of normal | D9: 0-100% | E9: Quick global measure; tracks confidence
A10: PAIN-FREE GRIP STRENGTH | B10: Dynamometer, best of three, both sides | C10: The functional capacity that matters most in the elbow | D10: kg; percentage of uninvolved side | E10: Lateral and medial tendinopathy - THE key objective marker
A11: Maximum grip strength | B11: Dynamometer | C11: Overall grip capacity | D11: kg; percentage of uninvolved side | E11: All elbow and forearm conditions
A12: Terminal extension range | B12: Goniometry | C12: The earliest sign of intra-articular pathology | D12: Degrees; note the END-FEEL | E12: OCD, loose bodies, OA, valgus extension overload, stiffness
A13: Flexion-extension arc | B13: Goniometry | C13: Functional arc | D13: Degrees | E13: Stiffness, trauma, arthritis, post-surgical
A14: Pronation-supination arc | B14: Goniometry | C14: Forearm rotation capacity | D14: Degrees | E14: Radial head fracture, distal biceps, stiffness
... A18: Work / sport volume tolerance | B18: Hours of gripping work, throwing volume, playing time | C18: Real-world capacity | D18: Hours, throws, or sessions | E18: All occupational and athletic presentations
A20: NOTES
A21: • Scoring DIRECTION differs between measures — SPADI, QuickDASH, WOSI and WORC improve as they FALL; ASES, Constant, Oxford and KJOC improve as they RISE.
A22: • The night-pain score is often the change that matters most to the patient, and it moves earlier than range or strength.
A23: • Record a Beighton score in any atraumatic instability presentation — it changes management entirely.

Sheet Whole-Person Screen
A1: WHOLE-PERSON & METABOLIC SCREEN
A2: A refractory shoulder is a cue to widen the lens — the shoulder is often the messenger, not the whole message.
A3: Factor | B3: Relevance to Shoulder Pain | C3: What to Screen | D3: Clinical Action | E3: Findings (fill in)
A4: Cervical spine and shoulder | B4: The neck refers to the elbow; scapular and cuff deficits load the forearm distally in every gripping and throwing task | C4: Screen BOTH in every elbow presentation | D4: Clear the neck with the Wainner cluster; assess and address scapular and cuff capacity as part of the plan
A5: Occupational load and tool design | B5: Repetitive gripping, forceful pronation and vibration exposure are the commonest drivers of elbow overuse | C5: Take a detailed task, tool and hours history | D5: Tool weight and grip size, handle design, task rotation, pacing, workstation setup - often the highest-yield change
A6: Sport equipment and technique | B6: Racquet grip size and string tension, club grip and shaft, bat weight, paddle use in swimming all change elbow load | C6: Ask about equipment and any recent change | D6: Equipment review and technique coaching alongside the loading programme
A7: Training load history | B7: A volume or intensity spike precedes most overuse elbow presentations | C7: Reconstruct the 8-12 weeks before onset in detail | D7: The cause is usually found here, not in the imaging
A8: Diabetes and metabolic health | B8: Associated with tendinopathy, slower healing, and a higher rate of stiffness and frozen-elbow-type presentations | C8: Screen where progress stalls or stiffness is prominent | D8: Medical co-management; set longer realistic timelines
A9: Systemic tendon risk factors | B9: Anabolic steroid use, corticosteroid exposure, fluoroquinolones, chronic kidney disease and hyperparathyroidism all raise rupture risk | C9: Ask directly in any biceps or triceps presentation | D9: Medical review; counsel explicitly against corticosteroid injection into these tendons
A10: Smoking | B10: Associated with tendinopathy, impaired healing and worse surgical outcomes | C10: Ask in every tendon presentation | D10: Cessation support
A11: Psychosocial factors and beliefs | B11: Fear-avoidance, low self-efficacy and catastrophising predict poorer outcomes, particularly in lateral elbow tendinopathy which has a long natural history | C11: Ask what they think is wrong and how long they expect it to take | D11: Address beliefs directly; set realistic timelines from day one - mismatched expectation is a major cause of disengagement
A12: Skeletal maturity | B12: In the growing athlete the apophysis and physis fail BEFORE the tendon or ligament | C12: Establish skeletal maturity in every young athlete | D12: Image both elbows; the diagnosis, prognosis and load management all change
A13: Bone health and energy availability | B13: Relevant to olecranon stress fracture and to recurrent bone stress presentations | C13: Screen in any bone stress injury or recurrent presentation | D13: Refer for bone health, nutrition and endocrine assessment
A15: CLINICAL ACTIONS (Module 14.2)
A16: • A FROZEN SHOULDER IS A PROMPT TO CHECK METABOLIC HEALTH — undiagnosed or poorly controlled diabetes and thyroid disease are common, change the prognosis, and are worth flagging.
A17: • Address beliefs and fears directly — reassure about the safety of loading and the poor pain-correlation of imaging findings; use graded exposure for persistent pain.
A18: • Manage sleep and night pain ACTIVELY — they are major drivers of distress and disability in shoulder conditions.
A19: • Set realistic timelines: RCRSP and frozen shoulder recover over months, and frozen shoulder in particular is often NOT quickly self-limiting.

Sheet Red Flags
A1: RED FLAGS & TIME-SENSITIVE PRESENTATIONS
A2: Twelve presentations where a rehabilitation trial is the wrong first move.
A3: Presentation | B3: Features | C3: Action Required | D3: Why It Cannot Wait
A4: Acute forearm compartment syndrome | B4: ESCALATING pain out of proportion; PAIN ON PASSIVE FINGER EXTENSION; tense swollen forearm; paraesthesia | C4: IMMEDIATE surgical referral; remove constrictive casts; do NOT elevate above heart level | D4: NORMAL PULSES DO NOT EXCLUDE IT. Delay causes Volkmann contracture and permanent disability
A5: Septic arthritis of the elbow | B5: Hot swollen elbow; fever; systemic illness; pain on ALL movement | C5: URGENT aspiration and intravenous antibiotics | D5: Cartilage destruction begins within days
A6: Septic olecranon bursitis | B6: Warm red fluctuant swelling over the olecranon with cellulitis or fever | C6: Urgent aspiration and antibiotics | D6: Distinguish from aseptic bursitis, where range is preserved and painless
A7: Distal biceps rupture | B7: A pop with antecubital bruising; reverse Popeye; POSITIVE HOOK TEST; supination weakness | C7: PROMPT surgical referral - within days | D7: Repair within 2-3 weeks is far easier and better; delay means graft reconstruction
A8: Triceps rupture | B8: Inability or marked weakness extending the elbow against gravity or resistance after trauma; palpable defect; fleck sign | C8: Prompt surgical referral | D8: Frequently missed; partial tears with preserved but weak extension are especially easy to miss
A9: Displaced supracondylar fracture (paediatric) | B9: Deformity, swelling and refusal to move after a fall in a child | C9: EMERGENCY orthopaedic referral; document neurovascular status | D9: Brachial artery and anterior interosseous nerve are immediately at risk
A10: Neurovascular compromise after trauma | B10: Absent pulse, poor perfusion, or a new motor or sensory deficit | C10: IMMEDIATE surgical assessment; document before and after any manipulation | D10: A new deficit after intervention suggests iatrogenic injury
A11: Motor ulnar neuropathy | B11: Intrinsic wasting, first dorsal interosseous atrophy, positive Froment sign | C11: Prompt surgical referral for decompression | D11: Recovery of wasted intrinsics is poor - do not delay with a further conservative trial
A12: PIN palsy | B12: Progressive finger and thumb extension weakness (finger drop) without sensory loss | C12: Prompt nerve conduction studies, imaging for a mass, and surgical opinion | D12: Delay risks permanent extensor deficit
A13: Complete UCL tear in a thrower | B13: A pop at the medial elbow during a throw with sudden velocity loss | C13: Prompt orthopaedic referral | D13: The throwing career depends on timely and correct management
A14: Skeletally immature thrower with elbow pain | B14: Medial or lateral elbow pain in a young thrower or gymnast | C14: Comparison radiographs of BOTH elbows and COMPLETE throwing rest | D14: Little League elbow and capitellar OCD are both entirely preventable and both worsened by continuing to throw
A15: Pain not reproducible on examination | B15: Constant unremitting pain unrelated to movement, with systemic features or a cancer history | C15: Urgent medical referral and imaging | D15: Pain that does not behave mechanically is a referral, not a rehabilitation problem
A17: SCREENING RULES
A18: • THE OVERRIDING RULE: if nothing in the physical examination reproduces the pain the patient came in with, that mismatch IS the finding. Refer for medical assessment.
A19: • Always test axillary nerve function BEFORE AND AFTER any shoulder reduction, and in every proximal humeral fracture.
A20: • Always obtain an AXILLARY view in suspected dislocation — posterior dislocation is missed on AP films and presents as a shoulder fixed in internal rotation.
A21: • In the over-40s, a shoulder dislocation tears the CUFF more often than the labrum — re-examine for weakness once the acute pain settles.

Sheet Case-Based Learning
A1: CASE-BASED LEARNING
A2: Four worked cases integrating reasoning from presentation to return.
A3: Case | B3: Presentation | C3: Reasoning | D3: Plan
A4: Case 1 - The plumber whose tennis elbow will not settle | B4: 48-year-old plumber, nine months of lateral elbow pain. Two corticosteroid injections gave two weeks of relief each. Tenderness is 4-5 cm DISTAL to the lateral epicondyle in the muscle belly, not at the ECRB origin. Resisted SUPINATION reproduces the pain; resisted wrist extension is only mildly uncomfortable. Pain-free grip is 70% of the other side. | C4: The tenderness location and the pain on resisted supination point to RADIAL TUNNEL SYNDROME, not lateral elbow tendinopathy. This is the classic tennis elbow mimic, and it explains why tendon-directed treatment and injections have not worked. | D4: Stop treating it as a tendon. Nerve conduction studies to confirm and exclude PIN motor involvement. Modify the repetitive forceful pronation and supination in his work and review tool design. Radial nerve gliding, graded loading, and scapular and cuff work to reduce distal compensation. Surgical decompression if refractory or if motor weakness appears.
A5: Case 2 - The 15-year-old pitcher with inside elbow pain | B5: 15-year-old baseball pitcher, six weeks of medial elbow pain that comes on during pitching and settles with rest. He pitches for his school team and a club team in the same season. Focal tenderness over the medial epicondyle. Valgus stress is uncomfortable but not lax. | C5: A skeletally immature thrower with medial elbow pain has LITTLE LEAGUE ELBOW (medial epicondyle apophysitis) until comparison radiographs prove otherwise. The apophysis fails before the ligament. Pitching for two teams simultaneously is the load error, and it is organisational rather than technical. | D5: Comparison radiographs of BOTH elbows. COMPLETE rest from throwing for 4-6 weeks - not modified throwing. Maintain conditioning with lower-body, trunk, scapular and cuff work. Then a staged interval throwing programme over 6-8 weeks. Before return: age-appropriate pitch counts, mandatory rest days, ONE team, no breaking pitches, and a genuine off-season. Educate the coach and parents - that conversation is the actual intervention.
A6: Case 3 - The lifter who felt a pop | B6: 42-year-old recreational lifter, felt a pop at the front of the elbow catching a heavy dumbbell three days ago. Bruising in the antecubital fossa, a bulge higher in the arm. He can still flex the elbow reasonably well, so he assumed it was a strain. The hook test is POSITIVE - no tendon can be hooked. | C6: DISTAL BICEPS RUPTURE. Preserved flexion is misleading because brachialis compensates; the real deficit is SUPINATION, typically 40-50%. The hook test is the diagnosis. This is time-sensitive. | D6: Refer today, not next week. Repair within 2-3 weeks is substantially easier and gives better outcomes than delayed reconstruction. Do not start a rehabilitation programme. Post-repair, protected range in a hinged brace 4-6 weeks, progressive loading from 8-12 weeks, full lifting at 4-6 months. Also ask about anabolic steroid use and other systemic tendon risk factors.
A7: Case 4 - The cyclist with a numb little finger | B7: 38-year-old cyclist, three months of numbness in the little and ring fingers, worse on long rides and on waking. He sleeps with his elbows fully bent. No weakness; first dorsal interosseous bulk is symmetrical. Elbow flexion test reproduces symptoms in 30 seconds. | C7: CUBITAL TUNNEL SYNDROME, sensory only (McGowan grade I). Two clear drivers: sustained end-range flexion overnight, and sustained flexion plus ulnar pressure on the bike. | D7: The highest-yield single change is a NIGHT EXTENSION SPLINT or a towel wrap keeping the elbow under 45 degrees. Then bike setup - raise the handlebars, review bar tape and glove padding, rotate hand positions. Ulnar nerve gliding within tolerance, plus scapular and cuff work. Reassess at 6-8 weeks. If intrinsic weakness or wasting ever appears, that changes the pathway immediately - refer, because wasted intrinsics recover poorly.
A8: Case 5 - The gymnast who cannot straighten her elbow | B8: 14-year-old gymnast, lateral elbow ache for four months with occasional catching. She has lost 15 degrees of terminal extension. She has continued training throughout because the pain is manageable. | C8: LOSS OF TERMINAL EXTENSION IN A YOUNG ATHLETE IS AN INTRA-ARTICULAR SIGN UNTIL IMAGING SAYS OTHERWISE. With lateral pain, catching and axial upper-limb loading, this is CAPITELLAR OCD. Continuing to train is what converts a stable lesion into an unstable one. | D8: Radiographs including a 45-degree flexion view, plus MRI to assess lesion STABILITY - that finding determines everything. Complete rest from upper-limb weight bearing. Orthopaedic co-management with serial imaging. Maintain lower-body, trunk, scapular and cuff conditioning throughout. A stable lesion often heals over 3-6 months; an unstable lesion or loose body needs surgery. Distinguish from Panner disease, which is younger, involves the whole ossification centre and is self-limiting.
A10: WHAT THE CASES TEACH
A11: • LOSS OF TERMINAL EXTENSION is the earliest sign of intra-articular pathology - never dismiss it as stiffness
A12: • PAIN-FREE GRIP STRENGTH is the single best objective marker in the overuse elbow; measure it at baseline and every re-assessment
A13: • When lateral elbow pain fails to respond to correct tendon loading, RECONSIDER THE DIAGNOSIS - radial tunnel, plica, PLRI and intra-articular pathology all mimic tennis elbow
A14: • In the skeletally immature athlete the APOPHYSIS FAILS BEFORE THE TENDON - image both elbows and rest completely
A15: • A POP plus a positive hook test, or an inability to extend against gravity, is a SURGICAL referral within days - not a rehabilitation trial
A16: • Corticosteroid injection for elbow tendinopathy gives short-term relief and WORSE 12-month outcomes - say so explicitly
A17: • The elbow stiffens faster than any other joint: EARLY MOTION and LOW-LOAD PROLONGED STRETCH, never aggressive passive forcing
A18: • Screen the neck and the shoulder in every elbow presentation - the forearm is often compensating for a weak proximal chain

Sheet References
A1: KEY REFERENCES & FURTHER READING
A2: Guidelines evolve and terminology continues to shift — verify currency for high-stakes decisions.
A4: 1 | B4: Coombes BK, Bisset L, Vicenzino B. Efficacy and safety of corticosteroid injections and other injections for management of tendinopathy. Lancet. 2010;376(9754):1751-1767
A5: 2 | B5: Coombes BK, Bisset L, Brooks P, et al. Effect of corticosteroid injection, physiotherapy, or both on clinical outcomes in patients with unilateral lateral epicondylalgia: a randomised controlled trial. JAMA. 2013;309(5):461-469
A6: 3 | B6: Bisset L, Beller E, Jull G, et al. Mobilisation with movement and exercise, corticosteroid injection, or wait and see for tennis elbow: randomised trial. BMJ. 2006;333(7575):939
A7: 4 | B7: Cook JL, Purdam CR. Is tendon pathology a continuum? Br J Sports Med. 2009;43(6):409-416
A8: 5 | B8: Tyler TF, Thomas GC, Nicholas SJ, McHugh MP. Addition of isolated wrist extensor eccentric exercise to standard treatment for chronic lateral epicondylosis. J Shoulder Elbow Surg. 2010;19(6):917-922
A9: 6 | B9: O'Driscoll SW, Lawton RL, Smith AM. The 'moving valgus stress test' for medial collateral ligament tears of the elbow. Am J Sports Med. 2005;33(2):231-239
A10: 7 | B10: O'Driscoll SW, Bell DF, Morrey BF. Posterolateral rotatory instability of the elbow. J Bone Joint Surg Am. 1991;73(3):440-446
A11: 8 | B11: Wilk KE, Macrina LC, Cain EL, et al. Rehabilitation of the overhead athlete's elbow. Sports Health. 2012;4(5):404-414
A12: 9 | B12: Fleisig GS, Andrews JR. Prevention of elbow injuries in youth baseball pitchers. Sports Health. 2012;4(5):419-424
A13: 10 | B13: Wainner RS, Fritz JM, Irrgang JJ, et al. Reliability and diagnostic accuracy of the clinical examination and patient self-report measures for cervical radiculopathy. Spine. 2003;28(1):52-62
A14: 11 | B14: O'Driscoll SW, Goncalves LB, Dietz P. The hook test for distal biceps tendon avulsion. Am J Sports Med. 2007;35(11):1865-1869
A15: 12 | B15: Morrey BF, Askew LJ, Chao EY. A biomechanical study of normal functional elbow motion. J Bone Joint Surg Am. 1981;63(6):872-877 (the 30-130 degree functional arc)
... A19: 16 | B19: Evidence on ESWT and PRP in lateral elbow tendinopathy (multiple systematic reviews)
A21: SOURCES USED TO BUILD THIS WORKBOOK
A22: • Source 1 — Shoulder diagnostics algorithm (your 27-condition reasoning matrix), which forms columns B–M of the Master Matrix.
A23: • Source 2 — Diagnosis & Management of Shoulder Pain Conditions: Advanced Clinical Programme Course Manual (Modules 1-16, Appendices A-C).
A24: • Source 3 — Athletic Shoulder: Sport-Specific Demands and Injury Risk Comparison (20 sports).
A25: • Source 4 — Arthroscopic Shoulder Surgeries: Categories, Indications & Rehabilitation Protection Guide (infographic, 9 categories).
A26: • This workbook is a companion to the Knee Assessment & Management Programme and the Bone Stress, Cartilage & Meniscal Injury algorithm, and follows the same structure and conventions.
A27: • It is an educational and clinical-reasoning companion. It does not replace individualised assessment, local protocols, or the operating surgeon's protocol.
