Workbook

Sheet Read Me
A1: LUMBAR SPINE & SACROILIAC ASSESSMENT AND MANAGEMENT PROGRAMME
A2: Screen (including the cauda equina questions) → risk-stratify → back-dominant or leg-dominant → identify the mechanism → educate → load → discharge on function.
A4: SHEET | B4: WHAT IT DOES | C4: WHEN TO USE IT | D4: FOCUS
A5: Master Matrix | B5: 38 lumbar and sacroiliac conditions on the established column structure: Region → Activity Level → Common Symptoms → Age → Onset → Predominance → Condition → High-Yield Question → Special Test + Imaging → Biomechanical Cause → Desired Activity Goal → Physiotherapy Specific Exercise, then pain mechanism, classification, red-flag status, management emphasis, loading dose, biomechanical corrections, adjuncts, advanced options, outcomes, markers, timeline and referral triggers. | C5: The core reference. Filter column A by region or column O by red-flag status. | D5: Lumbar spine and SIJ
A6: Rx Generator | B6: Pick a condition from the dropdown and the full prescription is pulled live from the Master Matrix. | C6: In clinic, or to print a plan into the patient file. | D6: Live INDEX/MATCH
A7: Assessment Roadmap | B7: The five-gate sequence, built around red flag screening at Gate 1 and the back-dominant versus leg-dominant branch at Gate 2. | C7: Every new patient, in order. | D7: Clinical reasoning
A8: Subjective Exam | B8: Fillable history template with the CAUDA EQUINA QUESTIONS, red flag screen, STarT Back stratification and psychosocial screening built in. | C8: First consultation. | D8: Fillable
A9: Objective Exam | B9: Fillable examination template: observation, movement testing, neurological examination, SIJ cluster, trunk and HIP capacity, and functional tolerance. | C9: First consultation and every re-assessment. | D9: Fillable
A10: Special Tests | B10: 31 tests grouped by category, with what a positive means and how much weight to give it — including which SIJ tests are unreliable. | C10: During the physical examination. | D10: Reference
A11: Clusters & Classification | B11: Seven diagnostic clusters, sixteen one-line differentiators, and the STarT Back, pain mechanism, directional preference, Meyerding, Laslett and inflammatory back pain frameworks. | C11: When the picture is not yet clear, and when choosing a pathway. | D11: Reference
A12: Imaging Guide | B12: When to image — and, more importantly, when NOT to. Includes the traps and the language problem. | C12: Before requesting or when reading a report. | D12: Reference
A13: Phased Programme | B13: Phase 0-4 with goals, content, markers and exit criteria, plus the master treatment sequence. | C13: Building and progressing every plan. | D13: Reference
A14: Exercise & Dosage | B14: Loading library with dose and indication — trunk and HIP strengthening, endurance, directional preference, hip hinge retraining and graded exposure. | C14: Writing the actual programme. | D14: Reference
A15: Adjuncts & Advanced | B15: Education, manual therapy, belts, injections, surgery and referral — plus an explicit AVOID list. | C15: When exercise and education alone are not enough. | D15: Reference
... A24: References | B24: Guideline and trial sources. | C24: Verifying or citing. | D24: —
A26: CRITICAL POINTS FOR THE LUMBAR SPINE & SIJ
A27: • ASK THE CAUDA EQUINA QUESTIONS OF EVERY PATIENT AND SAFETY-NET IN WRITING. Bladder function, saddle sensation, bilateral leg symptoms. It takes thirty seconds, and a delayed cauda equina diagnosis is the most consequential miss in musculoskeletal practice — for the patient above all.
A28: • THE IMAGING CONVERSATION IS A CLINICAL INTERVENTION. Degenerative change, disc bulges and herniations are present in the majority of ASYMPTOMATIC adults. Telling someone their spine is "crumbling" or "worn out" measurably increases their pain and disability. Reframing that is treatment, not reassurance.
A29: • BACK-DOMINANT VERSUS LEG-DOMINANT directs the entire pathway — different natural histories, treatments and prognoses. Establish it in the first few minutes and record the two pain scores separately.
A30: • RISK-STRATIFY WITH STarT BACK AT FIRST CONTACT. Matching treatment intensity to prognostic risk improves outcomes more than choosing the "right" exercise. Exercise TYPE matters far less than progression, adherence and the beliefs you address alongside it.
A31: • SIJ PALPATION AND MOTION TESTS ARE UNRELIABLE. The joint does not go "out" and does not need putting back. Use the LASLETT PROVOCATION CLUSTER (3 or more of 5) — it is the only validated clinical test set for this region.
A32: • ASSESS THE HIP IN EVERY LUMBAR AND SIJ PRESENTATION. A stiff or weak hip transfers load and range demand straight to the lumbar spine, and it is the most consistently overlooked contributor in this region.
A33: • A FRAGILITY FRACTURE WITHOUT A BONE HEALTH REFERRAL IS AN INCOMPLETE EPISODE OF CARE. This is the most routinely missed action in the lumbar spine.
A34: • WHAT YOU DON'T DO MATTERS AS MUCH AS WHAT YOU DO: no routine imaging, no bed rest, no opioids, no endless passive treatment, no repeated re-investigation in sensitised pain.
A35: • Yellow cells are inputs. Green text is pulled from another sheet. Do not overwrite formula cells.

Sheet Master Matrix
A1: MASTER DIAGNOSTIC & MANAGEMENT MATRIX — 38 LUMBAR & SACROILIAC CONDITIONS
A2: Columns A–L follow the established diagnostics-algorithm structure. Columns M–Y add the management programme. Crimson in column O marks a red-flag or time-sensitive presentation.
A3: Region | B3: Activity Level | C3: Common Symptoms | D3: Age Group | E3: Onset | F3: Predominance | G3: Condition | H3: High-Yield Diagnostic Question | I3: Special Test + Imaging | J3: Underlying Biomechanical Cause | K3: DESIRED ACTIVITY GOAL | L3: PHYSIOTHERAPY SPECIFIC EXERCISE | M3: Pain Mechanism | N3: Classification / Cluster | O3: Red Flag Status | P3: MANAGEMENT EMPHASIS | Q3: Loading Stage & Entry Dose | R3: BIOMECHANICAL CORRECTIONS & KINETIC CHAIN | S3: Adjuncts & Practical Measures | T3: Advanced / Surgical Options | U3: Outcome Measures | V3: Re-testable Markers | W3: Expected Timeline | X3: Referral / Surgical Trigger | Y3: Evidence Anchor
A4: Mechanical / Axial | B4: Any; the commonest cause of disability worldwide | C4: Diffuse low back pain and stiffness without leg symptoms, varying with posture and activity | D4: 25-60 | E4: Slow/Sudden | F4: Equal | G4: Non-Specific Low Back Pain | H4: Is the pain mainly in the back rather than the leg, and does it change with position and activity? | I4: Diffuse rather than focal tenderness; movement-related pain with variable directional response; NEGATIVE neurological examination; NEGATIVE straight leg raise; NO red flags. IMAGING IS NOT INDICATED - it does not improve outcomes and degenerative findings are near-universal in asymptomatic adults | J4: Multifactorial and usually not attributable to a single structure; contributing factors include reduced trunk and hip capacity, sustained postural or loading exposure exceeding tolerance, a sudden change in activity, poor sleep, psychological distress and low physical activity. THE SEARCH FOR A SINGLE STRUCTURAL CAUSE IS USUALLY UNPRODUCTIVE AND OFTEN HARMFUL | K4: Work, lift, sit and exercise normally without disabling back pain | L4: STAY ACTIVE - the single most important message; GRADED EXERCISE of the patient's preference (no exercise type is clearly superior); progressive trunk and HIP strengthening 2-3x/week; aerobic exercise 150 min/week; graded exposure to feared or avoided movements; movement variability and break scheduling; SELF-MANAGEMENT and flare planning | M4: Nociceptive; nociplastic overlay if persistent beyond 3 months | N4: Cluster 1 - Non-specific low back pain: diffuse back-dominant pain + negative neurological examination + no red flags. RISK-STRATIFY WITH STarT BACK to match treatment intensity to prognosis | O4: No | P4: EDUCATION, REASSURANCE AND STAYING ACTIVE ARE FIRST-LINE and supported by every major guideline. Avoid imaging, avoid bed rest, avoid opioids. Use STarT BACK to stratify: low risk needs reassurance and advice, high risk needs psychologically-informed physiotherapy. Exercise type matters far less than doing it | Q4: Stage 1-2 sustained. Graded exercise of the patient's choosing 2-3x/week plus aerobic activity; progress on a schedule rather than waiting for pain to settle | R4: Build capacity and vary exposure: progressive trunk and HIP strengthening, restore hip and thoracic mobility so the lumbar spine compensates less, address sustained sitting or loading exposure with break scheduling, improve general fitness and sleep, and rebuild confidence in bending and lifting | S4: Education and reassurance (the highest-value intervention); manual therapy as a short-term adjunct combined with exercise; heat; AVOID bed rest, imaging and opioids | T4: If persistent and high-impact: multidisciplinary or psychologically-informed rehabilitation. NICE and most guidelines do NOT recommend injections, fusion or disc replacement for non-specific low back pain | U4: OSWESTRY DISABILITY INDEX or Roland-Morris; NPRS; STarT Back; Patient-Specific Functional Scale | V4: ODI or RMDQ; sitting, standing and walking tolerance; FUNCTION-based markers; return to work | W4: Most acute episodes improve substantially within 6 weeks; recurrence is common so self-management is central | X4: Red flag features; progressive neurological deficit; failure to improve with active management | Y4: NICE NG59; Lancet Low Back Pain Series 2018; STarT Back stratified care
A5: Mechanical / Axial | B5: Any; often with extension-rotation loading or degenerative change | C5: Unilateral or bilateral back pain worse with extension and rotation, eased by sitting and flexion | D5: 45-70 | E5: Slow | F5: Equal | G5: Lumbar Facet (Zygapophyseal) Joint Pain | H5: Is the back pain worse when you arch backwards or stand for long, and better when you sit or bend forward? | I5: Pain worse with EXTENSION and extension-rotation; eased by flexion and sitting; paraspinal tenderness over the facet; referral to the buttock and posterior thigh but NOT below the knee; NO single test is diagnostic - REVELS CRITERIA have limited value; DIAGNOSTIC MEDIAL BRANCH BLOCKS are the reference standard. IMAGING CANNOT DIAGNOSE FACET PAIN | J5: Nociception from the zygapophyseal joint capsule and synovium under extension and rotational load; degenerative facet arthrosis, sustained extension postures, and segmental load concentration from adjacent stiffness or hip extension restriction; weak trunk and hip extensor capacity reduces segmental load sharing | K5: Stand, walk and extend the spine without back pain building | L5: FLEXION-BIASED exercise and positioning early where extension is provocative; progressive trunk and HIP extensor strengthening 2-3 sets 3x/week; HIP FLEXOR lengthening and hip extension mobility (a stiff hip forces lumbar extension); segmental motor control; graded exposure to extension and standing tolerance; aerobic exercise | M5: Nociceptive - articular | N5: Mechanical group; facet pain is over-diagnosed clinically and can only be confirmed by diagnostic blocks. Referral does NOT usually extend below the knee | O5: No | P5: Exercise, load management and graded exposure. Where extension is clearly provocative, bias toward flexion early and reintroduce extension progressively. RADIOFREQUENCY MEDIAL BRANCH NEUROTOMY after positive diagnostic blocks has moderate evidence in carefully selected patients - selection is everything | Q5: Stage 1-2. Flexion-biased work early if extension is provocative; progressive trunk and hip loading 3x/week; graded return to extension and standing | R5: Reduce lumbar extension demand: restore HIP EXTENSION range (a stiff hip drives lumbar extension in standing and walking), lengthen hip flexors, build gluteal and trunk extensor capacity, correct sustained standing and overhead postures, and address footwear and standing surfaces | S5: Manual therapy combined with exercise; heat; standing and workstation modification; anti-fatigue matting for standing work | T5: DIAGNOSTIC MEDIAL BRANCH BLOCKS; radiofrequency neurotomy in carefully selected patients with confirmed facet-mediated pain | U5: ODI; RMDQ; NPRS; standing and walking tolerance | V5: Extension tolerance; standing and walking time; ODI; hip extension range | W5: 6-12 weeks conservatively | X5: Failure after 12 weeks of correct conservative care - consider diagnostic blocks in selected patients | Y5: Lumbar facet pain diagnostic block literature; medial branch neurotomy selection criteria
A6: Mechanical / Axial | B6: Any; sustained flexion and lifting exposure | C6: Central back pain worse with sitting, bending and lifting, eased by standing and walking | D6: 30-55 | E6: Slow/Sudden | F6: Male | G6: Lumbar Discogenic Pain | H6: Is the pain worse the longer you sit, and worse bending forward, but easier walking around? | I6: CENTRAL or bilateral back-dominant pain; worse with SUSTAINED FLEXION, sitting and Valsalva; often a DIRECTIONAL PREFERENCE for extension on repeated movement testing; CENTRALISATION on repeated movements supports it; MRI shows disc change BUT DEGENERATION IS NEAR-UNIVERSAL IN ASYMPTOMATIC ADULTS - correlate cautiously | J6: Nociception from the outer annulus and vertebral endplates under compressive and flexion load; sustained flexion raises intradiscal pressure; repeated or sustained loaded flexion, poor hip hinge mechanics, reduced hip and thoracic mobility, and deconditioned trunk capacity all increase discal load | K6: Sit, drive, bend and lift through a normal day without central back pain | L6: DIRECTIONAL PREFERENCE work (usually repeated extension) where a clear preference exists, several times daily; progressive trunk and HIP strengthening 2-3x/week; HIP HINGE and lifting technique retraining; sitting and posture modification with break scheduling; graded exposure to flexion and lifting load; aerobic exercise | M6: Nociceptive - discogenic | N6: Mechanical group; a clinical construct rather than an imaging diagnosis. A clear DIRECTIONAL PREFERENCE and CENTRALISATION on repeated movement testing support it and guide treatment | O6: Screen: leg symptoms below the knee with neurological signs means RADICULOPATHY; bilateral leg symptoms with bladder or saddle change means CAUDA EQUINA | P6: Directional preference exercise where present, plus progressive loading, hip hinge retraining and postural change. EXPLAIN THE IMAGING - disc degeneration is normal ageing and visible in most asymptomatic adults, and telling a patient their disc is 'damaged' measurably worsens outcomes | Q6: Stage 1-2. Directional preference work several times daily; progressive trunk and hip loading 3x/week; graded reintroduction of flexion and lifting | R6: Reduce compressive flexion load and rebuild tolerance: restore HIP and THORACIC mobility so the lumbar spine flexes less, retrain the HIP HINGE for lifting and bending, modify sustained sitting with break scheduling, build trunk and hip capacity, and progressively re-expose to loaded flexion rather than avoiding it permanently | S6: Sitting and workstation modification; lumbar support; break scheduling; heat | T6: Persistent severe symptoms warrant reassessment; discography is contested; fusion and disc replacement are NOT recommended for non-specific discogenic back pain by most guidelines | U6: ODI; RMDQ; NPRS; Patient-Specific Functional Scale | V6: Sitting and driving tolerance; directional preference response; lifting tolerance; ODI | W6: 6-12 weeks | X6: Development of radicular or cauda equina features; refractory severe symptoms | Y6: McKenzie directional preference and centralisation literature; asymptomatic imaging prevalence
A7: Mechanical / Axial | B7: Any; often with hypermobility, post-partum, or after repeated episodes | C7: Recurrent back pain with a sense of giving way, catching, or needing to self-manipulate | D7: 25-50 | E7: Slow | F7: Female | G7: Lumbar Clinical Instability / Motor Control Impairment | H7: Does the back feel like it might give way, catch, or need cracking, and is it worse in the middle of movements rather than at the end? | I7: PAIN IN MID-RANGE rather than end-range; aberrant movement patterns on forward bending (painful arc, instability catch, Gower sign, reversal of lumbopelvic rhythm); POSITIVE PRONE INSTABILITY TEST; excessive segmental mobility on passive testing; generalised hypermobility (Beighton); imaging usually normal - flexion-extension films only if frank instability is suspected | J7: Impaired active segmental control from deficits in deep trunk muscle timing and endurance, combined with passive restraint laxity; post-partum ligamentous change, repeated injury episodes and generalised hypermobility predispose; THE PROBLEM IS CONTROL, NOT STRUCTURE, in the large majority | K7: Move, bend, lift and exercise confidently without catching or a sense of giving way | L7: MOTOR CONTROL TRAINING - segmental control retraining progressing from low-load isolated control to functional and loaded patterns; progressive trunk and HIP strengthening 2-3 sets 3x/week; endurance work (side bridge, prone bridge, bird-dog progressions); HIP HINGE and movement pattern retraining; graded exposure to loaded and end-range positions; AVOID repeated self-manipulation, which reinforces the pattern | M7: Nociceptive - mechanical with motor control impairment | N7: Cluster 2 - Clinical instability: mid-range pain + aberrant movement patterns + positive prone instability test + hypermobility. Note that MOTOR CONTROL TRAINING IS NOT SUPERIOR TO OTHER EXERCISE overall, but may suit this subgroup | O7: Screen: frank structural instability (spondylolisthesis, post-traumatic) needs imaging - this is a different entity from motor control impairment | P7: MOTOR CONTROL AND PROGRESSIVE LOADING. Start with segmental control and endurance, then progress to loaded functional patterns - the endpoint is confident loaded movement, NOT permanent bracing or avoidance. Discourage repeated self-manipulation | Q7: Stage 1-3. Low-load motor control daily; endurance and strengthening 3x/week; progressive loaded and functional patterns; graded end-range exposure | R7: Build active control where passive restraint is insufficient: deep trunk and gluteal endurance, hip hinge and movement pattern retraining, hip and thoracic mobility so the lumbar spine is not the only mobile segment, and graded loaded exposure to rebuild confidence | S7: Short-term taping or a belt for feedback in selected cases (wean it); AVOID long-term bracing and repeated self-manipulation | T7: Imaging for suspected structural instability; fusion is reserved for confirmed structural instability, not motor control impairment | U7: ODI; RMDQ; NPRS; Patient-Specific Functional Scale; Beighton score | V7: Prone instability test; aberrant movement patterns; trunk endurance tests; loaded movement confidence; ODI | W7: 12 weeks minimum for motor control and loading change | X7: Suspected structural instability; progressive neurological features | Y7: Hicks clinical prediction rule for stabilisation exercise; motor control training evidence
A8: Mechanical / Axial | B8: Any; a lifting strain, sudden unguarded movement, or sustained loading | C8: Sudden severe back pain with marked spasm and difficulty straightening up | D8: 20-50 | E8: Sudden | F8: Male | G8: Acute Lumbar Strain / Acute Back Pain Episode | H8: Did the back go suddenly with lifting or twisting, and are you now stuck bent over? | I8: Marked movement restriction with protective guarding; antalgic posture or lateral shift; NEGATIVE neurological examination; NEGATIVE straight leg raise; NO red flags; IMAGING IS NOT INDICATED. THE SPASM AND POSTURE ARE PROTECTIVE RESPONSES, NOT THE PRIMARY LESION | J8: Acute nociceptive irritation of muscular, discal or articular tissue with protective muscle guarding; a lifting strain, a sudden unguarded movement, or a sustained loading exposure exceeding tolerance; reduced baseline trunk and hip capacity and a recent change in activity lower the threshold | K8: Return to normal movement, work and activity as quickly as possible | L8: STAY ACTIVE AND AVOID BED REST - this is the core message and is strongly evidence-based; early gentle movement within tolerance; walking as the primary early activity; simple analgesia; progressive return to normal loading over days to weeks; graded exposure to bending and lifting; build trunk and hip capacity once acute pain settles | M8: Nociceptive - acute with protective guarding | N8: Mechanical group - ACUTE. The natural history is FAVOURABLE; most improve substantially within 2-6 weeks. THE MESSAGING IN THE FIRST CONSULTATION SHAPES THE TRAJECTORY | O8: Screen: apply red flag screening - cauda equina, fracture, infection, malignancy. BILATERAL leg symptoms, saddle anaesthesia or bladder change is an EMERGENCY | P8: REASSURANCE, ANALGESIA AND STAYING ACTIVE. Explain the favourable natural history explicitly. AVOID bed rest, AVOID imaging, AVOID opioids, and AVOID language implying structural damage. Manual therapy is a reasonable short-term adjunct to enable movement | Q8: Early gentle movement and walking within tolerance; progressive normal loading over days to weeks; strengthening once acute pain settles | R8: Once acute pain settles, address recurrence risk: build trunk and hip capacity, retrain the hip hinge and lifting technique, address the loading or activity change that preceded it, and rebuild confidence in bending | S8: Simple analgesia; heat; walking; manual therapy for short-term relief; AVOID bed rest and prolonged rest | T8: Rarely required. Reassess if not improving by 6 weeks or if red flags develop | U8: ODI; RMDQ; NPRS; STarT Back; return to work | V8: Movement restriction; walking tolerance; return to normal activity and work; ODI | W8: Most improve substantially within 2-6 weeks | X8: Red flag features; progressive neurological deficit; failure to improve by 6 weeks | Y8: NICE NG59; acute low back pain natural history; stay-active evidence
A9: Mechanical / Axial | B9: Any; long symptom duration, high distress, poor sleep | C9: Widespread persistent back pain with high disability, poor sleep and sensitivity to light touch | D9: 30-60 | E9: Slow | F9: Female | G9: Chronic Low Back Pain with Central Sensitisation | H9: Is the pain widespread and out of proportion to what you do, and does even light pressure hurt? | I9: Widespread, non-anatomical pain distribution; MECHANICAL HYPERALGESIA and sometimes ALLODYNIA; poor correlation between activity and symptoms; high ODI relative to objective findings; screen with the CENTRAL SENSITISATION INVENTORY; high STarT Back score; NEGATIVE neurological examination; repeated imaging is counterproductive | J9: Altered central pain processing with amplified nociception, reduced descending inhibition and cortical reorganisation; long symptom duration, poor sleep, psychological distress, catastrophising, fear-avoidance, work dissatisfaction and repeated unhelpful clinical messaging all contribute. THE PROBLEM IS NOT PRIMARILY IN THE BACK TISSUE | K9: Increase activity, function, work participation and confidence, and reduce the impact of pain on life | L9: PAIN NEUROSCIENCE EDUCATION FIRST; GRADED ACTIVITY AND GRADED EXPOSURE to feared movements, progressed on a TIME SCHEDULE rather than by pain; AEROBIC EXERCISE (well supported in sensitised states); progressive strengthening at a tolerable starting load; sleep and stress management; pacing and activity scheduling; return-to-work planning | M9: NOCIPLASTIC - the dominant mechanism, with variable nociceptive input | N9: Mechanical group - SENSITISED. Identifying this changes the approach entirely: tissue-focused treatment underperforms and repeated imaging and specialist referral are actively harmful | O9: Screen: exclude serious pathology ONCE, thoroughly, then STOP RE-INVESTIGATING. Repeated imaging reinforces the problem and worsens outcomes | P9: PAIN NEUROSCIENCE EDUCATION, GRADED EXPOSURE AND EXERCISE within a psychologically-informed framework. Set FUNCTION-BASED goals, not pain-based ones. Avoid passive treatments, repeated imaging and opioids. Multidisciplinary rehabilitation for high-impact cases | Q9: TIME-CONTINGENT, not pain-contingent. Start well within tolerance and progress on a schedule regardless of day-to-day pain; aerobic exercise most days | R9: Shift the target from tissue to function: graded exposure to feared and avoided movements (bending, lifting, sitting), aerobic conditioning, sleep and stress management, pacing, work modification and return-to-work planning | S9: Pain neuroscience education (the primary intervention); sleep hygiene; stress management; AVOID passive modalities, repeated imaging and opioids | T9: Multidisciplinary or combined physical and psychological programmes; CBT or ACT; medical review of medication, particularly opioid deprescribing | U9: ODI; RMDQ; Central Sensitisation Inventory; PCS; TSK; STarT Back; Patient-Specific Functional Scale | V9: FUNCTION-BASED markers (PSFS, activity levels, work hours) rather than pain scores; ODI; sleep quality | W9: 3-6 months; progress is measured in function, not pain reduction | X9: High distress or failure to progress - multidisciplinary pain management referral | Y9: Lancet Low Back Pain Series 2018; pain neuroscience education evidence; NICE NG59
A10: Mechanical / Axial | B10: Manual handlers, drivers, desk workers; sustained or repetitive loading | C10: Back pain related clearly to the working day, easing on days off | D10: 25-55 | E10: Slow | F10: Male | G10: Occupational / Load-Related Low Back Pain | H10: Does the back pain build through the working day and settle on days off or holidays? | I10: A clear temporal relationship to work exposure; reduced trunk and hip endurance; assessment of the ACTUAL TASK (loads, frequency, postures, vibration, duration); NEGATIVE neurological examination; imaging not indicated. WORK-RELATED DOES NOT MEAN WORK-CAUSED DAMAGE - the distinction matters for messaging | J10: Cumulative loading exposure exceeding tissue tolerance - lifting frequency and load, sustained flexion or rotation, whole-body vibration in drivers, and prolonged static sitting or standing; low trunk and hip capacity, low general fitness, job dissatisfaction and low perceived control all lower the threshold | K10: Complete a full working week without disabling back pain | L10: PROGRESSIVE TRUNK AND HIP STRENGTHENING to raise capacity 2-3 sets 3x/week; HIP HINGE and manual handling technique retraining; general aerobic fitness; graded exposure to occupational loading; MOVEMENT VARIABILITY and break scheduling; task and workplace modification; graded return-to-work planning where off work | M10: Nociceptive - cumulative loading | N10: Mechanical group; WORK MODIFICATION AND EARLY RETURN TO WORK improve outcomes. Prolonged absence is itself a risk factor for chronicity | O10: No | P10: RAISE CAPACITY AND MANAGE EXPOSURE, and keep the person at work where possible with modified duties. Early return to modified work improves outcomes compared with waiting for full recovery. Address psychosocial workplace factors, which predict outcome more strongly than physical load | Q10: Stage 1-2. Progressive strengthening 3x/week; graded occupational loading exposure; aerobic fitness | R10: Change the exposure and raise the capacity: build trunk and hip strength and endurance, retrain manual handling and the hip hinge, vary posture and schedule breaks, modify task height, load and frequency, address vibration exposure in drivers, and plan a graded return to full duties | S10: Workplace and task modification; break scheduling; graded return-to-work plan; employer liaison | T10: Occupational health referral; vocational rehabilitation for prolonged absence | U10: ODI; RMDQ; work absence days; Work Ability Index; Patient-Specific Functional Scale | V10: Work tolerance and hours; trunk and hip endurance; ODI; days absent | W10: 6-12 weeks with capacity building and work modification | X10: Prolonged work absence - vocational rehabilitation and occupational health input | Y10: Occupational low back pain guidelines; early return-to-work evidence
A11: Radicular / Neural | B11: Any; often after a lifting or flexion strain, or spontaneous | C11: Leg pain BELOW THE KNEE, worse than the back pain, with numbness and sometimes weakness | D11: 30-55 | E11: Sudden/Slow | F11: Male | G11: Lumbar Radiculopathy (Disc Herniation) | H11: Is the LEG pain worse than the back pain, and does it travel below the knee? | I11: LEG-DOMINANT pain below the knee; POSITIVE STRAIGHT LEG RAISE (or slump) reproducing leg symptoms; DERMATOMAL sensory change and MYOTOMAL weakness (L4 knee extension and ankle dorsiflexion, L5 great toe extension, S1 plantarflexion and ankle reflex); reflex change; CROSSED SLR is highly specific; MRI only if surgery is considered or the deficit is progressive | J11: Compression and chemical irritation of a lumbar nerve root by a herniated disc, most commonly L4-5 and L5-S1; sustained flexion and loaded lifting increase discal pressure; THE NATURAL HISTORY IS FAVOURABLE - most herniations resorb and most patients improve without surgery | K11: Resolve the leg pain, restore leg strength, and return to work and normal activity | L11: STAY ACTIVE within tolerance; NEURAL MOBILISATION (glides rather than tensioners early); DIRECTIONAL PREFERENCE work where CENTRALISATION occurs - this is a strong positive prognostic sign; progressive trunk and HIP strengthening as symptoms allow; strengthening of weak myotomes; graded return to sitting, bending, lifting and work; aerobic exercise | M11: Neuropathic with nociceptive components | N11: Cluster 3 - Lumbar radiculopathy: leg-dominant pain below the knee + positive SLR or slump + dermatomal, myotomal or reflex change. CENTRALISATION on repeated movements is a strong positive prognostic indicator | O11: YES - PROGRESSIVE motor weakness, BILATERAL leg symptoms, SADDLE ANAESTHESIA or BLADDER/BOWEL CHANGE means CAUDA EQUINA - a surgical emergency | P11: CONSERVATIVE MANAGEMENT IS FIRST-LINE and the natural history is favourable - most improve over 6-12 weeks and disc herniations commonly resorb. Education about this natural history is itself therapeutic. Surgery gives faster leg pain relief but similar outcomes at 1-2 years, so it is for progressive deficit, refractory severe pain or patient preference after informed discussion | Q11: Stage 1-2. Neural mobilisation and directional preference work within tolerance; progressive loading as symptoms centralise; graded return to functional loading | R11: Address the whole chain and rebuild tolerance: restore HIP and THORACIC mobility, retrain the hip hinge for bending and lifting, build trunk and hip capacity, modify sustained sitting and loaded flexion early, and grade re-exposure rather than permanent avoidance | S11: Simple analgesia and neuropathic agents per medical review; activity modification; AVOID bed rest | T11: Guided transforaminal or epidural injection for severe refractory radicular pain; MICRODISCECTOMY for progressive deficit, cauda equina, or refractory severe pain - faster relief but equivalent medium-term outcomes | U11: ODI; RMDQ; separate NPRS for LEG and BACK pain; Patient-Specific Functional Scale | V11: DISTAL EXTENT OF LEG PAIN (centralisation is the key marker); SLR angle; myotomal strength; ODI; sitting and walking tolerance | W11: Most improve substantially within 6-12 weeks; some take up to 6 months | X11: PROGRESSIVE motor weakness; any cauda equina feature (EMERGENCY); refractory severe pain | Y11: Lumbar disc herniation natural history and resorption literature; SPORT trial; centralisation prognostic evidence
A12: Radicular / Neural | B12: Older adults; walking-limited | C12: Leg pain, heaviness and weakness on WALKING, relieved by SITTING OR BENDING FORWARD | D12: 60+ | E12: Slow | F12: Equal | G12: Lumbar Spinal Stenosis (Neurogenic Claudication) | H12: Does the leg pain come on walking and go when you SIT DOWN or lean forward on a trolley? | I12: SYMPTOMS RELIEVED BY FLEXION - sitting, leaning on a trolley, cycling - and provoked by extension and walking; better walking uphill than downhill; BILATERAL leg symptoms common; NEGATIVE or mildly positive SLR; PEDAL PULSES PRESENT (distinguishing from vascular claudication); MRI confirms canal narrowing. THE RELIEVING FACTOR IS THE DISCRIMINATOR | J12: Central canal narrowing from disc bulging, ligamentum flavum hypertrophy and facet arthrosis, dynamically worsened in EXTENSION which further reduces canal volume and compresses the cauda equina; flexion increases canal volume, which is why sitting and leaning relieve it | K12: Increase pain-free walking distance and maintain independence and function | L12: FLEXION-BIASED exercise and positioning; progressive walking programme using a FLEXED strategy (trolley, walking poles, inclined treadmill) to build distance; CYCLING as an aerobic alternative (tolerated because it is flexed); progressive trunk, HIP and lower limb strengthening 2-3x/week; balance and falls prevention; graded activity pacing | M12: Neuropathic with vascular-like claudication pattern | N12: Cluster 4 - Neurogenic claudication: leg symptoms on walking + RELIEVED BY FLEXION/SITTING + better uphill than downhill + pedal pulses present. DISTINGUISH FROM VASCULAR CLAUDICATION, which is relieved by STANDING STILL | O12: YES - BILATERAL leg symptoms with saddle anaesthesia or bladder change means CAUDA EQUINA. Also exclude VASCULAR claudication by checking pedal pulses and ABPI | P12: CONSERVATIVE MANAGEMENT FIRST: flexion-based exercise, a progressive walking programme with a flexed strategy, strengthening and aerobic conditioning. Surgery (decompression) gives better outcomes than conservative care for moderate to severe symptoms in appropriately selected patients, particularly for walking distance | Q12: Stage 1-2. Flexion-biased loading; progressive walking distance using a flexed strategy; strengthening 3x/week; pacing | R12: Work with the flexion bias rather than against it: use a trolley, poles or an inclined treadmill to build walking distance, use cycling for aerobic fitness, build hip and lower limb strength, maintain balance and reduce falls risk, and pace activity across the day | S12: Walking aid or trolley (a practical and effective adjunct); walking poles; cycling for fitness; activity pacing | T12: Epidural injection gives short-term relief only; SURGICAL DECOMPRESSION (with or without fusion depending on instability) for moderate to severe refractory symptoms - good outcomes for walking distance in selected patients | U12: ODI; Zurich Claudication Questionnaire (Swiss Spinal Stenosis); walking distance; NPRS | V12: PAIN-FREE WALKING DISTANCE (the primary marker); time to symptom onset; ODI; falls frequency | W12: Conservative trial 12 weeks; surgery for refractory moderate to severe symptoms | X12: Cauda equina features (EMERGENCY); progressive deficit; refractory symptoms limiting function | Y12: Lumbar spinal stenosis guidelines; SPORT trial stenosis arm; Zurich Claudication Questionnaire
A13: Radicular / Neural | B13: Any; a surgical emergency at any age | C13: BILATERAL leg symptoms with SADDLE NUMBNESS and BLADDER or BOWEL CHANGE | D13: Any | E13: Sudden/Slow | F13: Equal | G13: CAUDA EQUINA SYNDROME | H13: Any change in bladder control, numbness in the saddle area, or new bilateral leg symptoms? | I13: ASK DIRECTLY IN EVERY LOW BACK PAIN ASSESSMENT: bladder dysfunction (retention with overflow, loss of urge sensation, altered urinary stream), bowel incontinence, SADDLE OR PERINEAL ANAESTHESIA, bilateral leg pain or weakness, sexual dysfunction; POST-VOID BLADDER SCAN; DIGITAL RECTAL EXAMINATION for anal tone where trained; EMERGENCY MRI. DO NOT WAIT FOR RETENTION - by then damage is often established | J13: Compression of the cauda equina, most commonly by a large central disc herniation, but also by tumour, haematoma, infection, fracture or stenosis; the consequence is potentially permanent bladder, bowel, sexual and lower limb dysfunction. TIME TO DECOMPRESSION IS THE MAIN MODIFIABLE DETERMINANT OF OUTCOME | K13: Emergency decompression to preserve bladder, bowel, sexual and lower limb function | L13: NONE - THIS IS A SURGICAL EMERGENCY. Do not treat, do not defer, do not arrange routine follow-up. Post-operatively, rehabilitation follows the surgical team, addressing residual bladder, bowel and lower limb deficits | M13: Neuropathic - acute compressive | N13: Radicular group - SURGICAL EMERGENCY AND THE MOST IMPORTANT RED FLAG IN LUMBAR PRACTICE. Distinguish incomplete (CESI - altered sensation, some function retained) from complete retention (CESR) - CESI has better outcomes with prompt surgery | O13: YES - EMERGENCY. SAME-DAY EMERGENCY REFERRAL. Do not wait for full retention. SAFETY-NET EVERY LOW BACK PAIN PATIENT with clear written and verbal advice on what symptoms mean immediate emergency attendance | P13: IMMEDIATE EMERGENCY REFERRAL for MRI and surgical decompression. The clinical task is ASKING THE QUESTIONS and SAFETY-NETTING every back pain patient. Delayed diagnosis is the commonest source of catastrophic outcome and litigation in musculoskeletal practice | Q13: None. Emergency referral is the only appropriate action | R13: Post-operatively, rehabilitation addresses residual deficits: bladder and bowel management, lower limb strength and gait, sexual function support, and functional independence | S13: None acutely. Written safety-netting advice for EVERY low back pain patient is the key preventive practice | T13: Emergency MRI and surgical decompression; specialist continence and rehabilitation input for residual deficit | U13: Determined by neurological outcome; ODI and bladder function measures post-operatively | V13: Not applicable - this is a referral, not a treatment | W13: Determined by time to decompression and completeness at presentation | X13: IMMEDIATE - same-day emergency referral. ASK THE QUESTIONS AND SAFETY-NET EVERY PATIENT | Y13: Cauda equina syndrome standards of care; CESI versus CESR outcome literature
A14: Radicular / Neural | B14: Older adults; degenerative change with or without spondylolisthesis | C14: Unilateral leg pain in a single dermatome, worse standing and walking, eased by sitting | D14: 60+ | E14: Slow | F14: Equal | G14: Lateral Recess / Foraminal Stenosis | H14: Is the leg pain in one leg only, worse standing and walking, and eased by sitting down? | I14: UNILATERAL dermatomal leg pain; worse with EXTENSION and standing, eased by flexion and sitting; may have a positive SLR; dermatomal and myotomal findings; MRI or CT showing lateral recess or foraminal narrowing; FORAMINAL narrowing is dynamically worsened by extension and ipsilateral side flexion | J14: Narrowing of the lateral recess or intervertebral foramen by facet hypertrophy, disc height loss and uncovertebral or osteophytic change, dynamically worsened in extension; degenerative spondylolisthesis frequently coexists and further narrows the foramen | K14: Increase standing and walking tolerance without leg pain | L14: FLEXION-BIASED exercise and activity strategies; neural mobilisation within tolerance; progressive trunk, HIP and lower limb strengthening 2-3x/week; graded walking programme with a flexed strategy; activity modification to reduce sustained extension; aerobic exercise; falls prevention in older adults | M14: Neuropathic | N14: Radicular group; DYNAMIC - extension and ipsilateral side flexion reduce foraminal volume, which is why symptoms are position-dependent. Frequently coexists with degenerative spondylolisthesis | O14: YES - bilateral symptoms with saddle or bladder change means CAUDA EQUINA. Also screen for vascular claudication | P14: Conservative management with flexion-biased strategies, neural mobilisation, strengthening and activity modification. Surgical decompression (foraminotomy, with fusion where instability or spondylolisthesis coexists) for refractory symptoms or progressive deficit | Q14: Stage 1-2. Flexion-biased loading; neural mobilisation within tolerance; strengthening 3x/week; graded walking progression | R14: Reduce foraminal load: avoid sustained extension and ipsilateral side flexion, use a flexed walking strategy where helpful, restore HIP EXTENSION so the lumbar spine extends less, build trunk and hip capacity, and adapt overhead and standing tasks | S14: Walking aid where helpful; activity and task modification; footwear and standing surface review | T14: Guided transforaminal injection; surgical decompression with or without fusion for refractory symptoms | U14: ODI; Zurich Claudication Questionnaire; NPRS leg and back; walking and standing tolerance | V14: Standing and walking tolerance; distal extent of leg symptoms; myotomal strength; ODI | W14: 12 weeks conservatively | X14: Cauda equina features; progressive deficit; refractory symptoms | Y14: Foraminal stenosis management literature
... A41: Post-Surgical | B41: Any; persistent pain after spinal surgery | C41: Persistent or recurrent back and leg pain after spinal surgery, with high disability and distress | D41: 40-65 | E41: Slow after surgery | F41: Female | G41: Persistent Spinal Pain Syndrome (Failed Back Surgery Syndrome) | H41: Since the surgery, has the pain persisted or returned, and how is it affecting sleep, mood and work? | I41: Persistent pain after technically satisfactory surgery; assess for a TREATABLE STRUCTURAL CAUSE first (recurrent herniation, non-union, adjacent segment disease, stenosis) versus a predominantly NOCIPLASTIC presentation; screen psychological factors, sleep, medication use and work status; Central Sensitisation Inventory; imaging only to answer a specific question | J41: Multifactorial: incomplete decompression, recurrent or adjacent pathology, and epidural fibrosis contribute in some, but CENTRAL SENSITISATION, psychological distress, deconditioning, opioid use and unmet expectations are usually more important. THE TERM 'FAILED BACK SURGERY' IS ITSELF UNHELPFUL and is being replaced | K41: Improve function, work participation, sleep and quality of life, and reduce medication burden | L41: PAIN NEUROSCIENCE EDUCATION; GRADED ACTIVITY AND GRADED EXPOSURE progressed on a TIME SCHEDULE; AEROBIC EXERCISE; progressive strengthening from a low starting load; SLEEP and stress management; pacing; MEDICATION REVIEW with the medical team, particularly opioid deprescribing; return-to-work and role planning | M41: Predominantly NOCIPLASTIC, with variable nociceptive and neuropathic contributions | N41: Post-surgical group; FIRST EXCLUDE A TREATABLE STRUCTURAL CAUSE, then manage as a predominantly nociplastic, high-impact pain state. The two pathways are entirely different | O41: Screen: exclude recurrent herniation, non-union, adjacent segment disease, stenosis and infection ONCE, thoroughly - then stop re-investigating | P41: MULTIDISCIPLINARY, PSYCHOLOGICALLY-INFORMED REHABILITATION with function-based goals. Avoid further surgery unless a clearly treatable structural cause is identified - repeat surgery in the absence of one has poor outcomes. Address medication, sleep, mood and work together | Q41: TIME-CONTINGENT. Start well within tolerance and progress on a schedule; aerobic exercise most days; strengthening 2-3x/week | R41: Shift from tissue to function: graded exposure to feared and avoided activity, aerobic conditioning, sleep and stress management, pacing, medication reduction, and work and role planning | S41: Pain neuroscience education; sleep and stress management; AVOID repeated imaging and passive modalities | T41: Multidisciplinary pain management; CBT or ACT; SPINAL CORD STIMULATION has evidence in selected patients with predominant neuropathic leg pain; opioid deprescribing support | U41: ODI; RMDQ; Central Sensitisation Inventory; PCS; TSK; HADS; medication use; work status | V41: FUNCTION-BASED markers (PSFS, activity, work hours); ODI; sleep; medication burden | W41: 6-12 months; progress is measured in function and participation, not pain reduction | X41: Suspected treatable structural cause; high distress; opioid dependence - multidisciplinary referral | Y41: Persistent spinal pain syndrome terminology; multidisciplinary rehabilitation evidence; spinal cord stimulation selection

Sheet Rx Generator
A1: PRESCRIPTION GENERATOR
A2: Select a condition in the yellow cell. Every field below is pulled live from the Master Matrix.
A4: SELECT CONDITION → | B4: Non-Specific Low Back Pain
A6: Region | B6: =IFERROR(INDEX('Master Matrix'!A$4:A$41,MATCH($B$4,'Master Matrix'!$G$4:$G$41,0)),"") -> Mechanical / Axial
A7: Activity level | B7: =IFERROR(INDEX('Master Matrix'!B$4:B$41,MATCH($B$4,'Master Matrix'!$G$4:$G$41,0)),"") -> Any; the commonest cause of disability worldwide
A8: Common symptoms | B8: =IFERROR(INDEX('Master Matrix'!C$4:C$41,MATCH($B$4,'Master Matrix'!$G$4:$G$41,0)),"") -> Diffuse low back pain and stiffness without leg symptoms, varying with posture and activity
A9: Age group | B9: =IFERROR(INDEX('Master Matrix'!D$4:D$41,MATCH($B$4,'Master Matrix'!$G$4:$G$41,0)),"") -> 25-60
A10: Onset | B10: =IFERROR(INDEX('Master Matrix'!E$4:E$41,MATCH($B$4,'Master Matrix'!$G$4:$G$41,0)),"") -> Slow/Sudden
A11: Predominance | B11: =IFERROR(INDEX('Master Matrix'!F$4:F$41,MATCH($B$4,'Master Matrix'!$G$4:$G$41,0)),"") -> Equal
A12: High-yield diagnostic question | B12: =IFERROR(INDEX('Master Matrix'!H$4:H$41,MATCH($B$4,'Master Matrix'!$G$4:$G$41,0)),"") -> Is the pain mainly in the back rather than the leg, and does it change with position and activity?
A13: Special test + imaging | B13: =IFERROR(INDEX('Master Matrix'!I$4:I$41,MATCH($B$4,'Master Matrix'!$G$4:$G$41,0)),"") -> Diffuse rather than focal tenderness; movement-related pain with variable directional response; NEGATIVE neurological examination; NEGATIVE straight leg raise; NO red flags. IMAGING IS NOT INDICATED - it does not improve outcomes and degenerative findings are near-universal in asymptomatic adults
A14: Underlying biomechanical cause | B14: =IFERROR(INDEX('Master Matrix'!J$4:J$41,MATCH($B$4,'Master Matrix'!$G$4:$G$41,0)),"") -> Multifactorial and usually not attributable to a single structure; contributing factors include reduced trunk and hip capacity, sustained postural or loading exposure exceeding tolerance, a sudden change in activity, poor sleep, psychological distress and low physical activity. THE SEARCH FOR A SINGLE STRUCTURAL CAUSE IS USUALLY UNPRODUCTIVE AND OFTEN HARMFUL
A15: DESIRED ACTIVITY GOAL | B15: =IFERROR(INDEX('Master Matrix'!K$4:K$41,MATCH($B$4,'Master Matrix'!$G$4:$G$41,0)),"") -> Work, lift, sit and exercise normally without disabling back pain
A16: PHYSIOTHERAPY SPECIFIC EXERCISE | B16: =IFERROR(INDEX('Master Matrix'!L$4:L$41,MATCH($B$4,'Master Matrix'!$G$4:$G$41,0)),"") -> STAY ACTIVE - the single most important message; GRADED EXERCISE of the patient's preference (no exercise type is clearly superior); progressive trunk and HIP strengthening 2-3x/week; aerobic exercise 150 min/week; graded exposure to feared or avoided movements; movement variability and break scheduling; SELF-MANAGEMENT and flare planning
A17: Pain mechanism | B17: =IFERROR(INDEX('Master Matrix'!M$4:M$41,MATCH($B$4,'Master Matrix'!$G$4:$G$41,0)),"") -> Nociceptive; nociplastic overlay if persistent beyond 3 months
A18: Classification / cluster | B18: =IFERROR(INDEX('Master Matrix'!N$4:N$41,MATCH($B$4,'Master Matrix'!$G$4:$G$41,0)),"") -> Cluster 1 - Non-specific low back pain: diffuse back-dominant pain + negative neurological examination + no red flags. RISK-STRATIFY WITH STarT BACK to match treatment intensity to prognosis
A19: RED FLAG STATUS | B19: =IFERROR(INDEX('Master Matrix'!O$4:O$41,MATCH($B$4,'Master Matrix'!$G$4:$G$41,0)),"") -> No
A20: MANAGEMENT EMPHASIS | B20: =IFERROR(INDEX('Master Matrix'!P$4:P$41,MATCH($B$4,'Master Matrix'!$G$4:$G$41,0)),"") -> EDUCATION, REASSURANCE AND STAYING ACTIVE ARE FIRST-LINE and supported by every major guideline. Avoid imaging, avoid bed rest, avoid opioids. Use STarT BACK to stratify: low risk needs reassurance and advice, high risk needs psychologically-informed physiotherapy. Exercise type matters far less than doing it
A21: Loading stage & entry dose | B21: =IFERROR(INDEX('Master Matrix'!Q$4:Q$41,MATCH($B$4,'Master Matrix'!$G$4:$G$41,0)),"") -> Stage 1-2 sustained. Graded exercise of the patient's choosing 2-3x/week plus aerobic activity; progress on a schedule rather than waiting for pain to settle
A22: BIOMECHANICAL CORRECTIONS & KINETIC CHAIN | B22: =IFERROR(INDEX('Master Matrix'!R$4:R$41,MATCH($B$4,'Master Matrix'!$G$4:$G$41,0)),"") -> Build capacity and vary exposure: progressive trunk and HIP strengthening, restore hip and thoracic mobility so the lumbar spine compensates less, address sustained sitting or loading exposure with break scheduling, improve general fitness and sleep, and rebuild confidence in bending and lifting
A23: Adjuncts & practical measures | B23: =IFERROR(INDEX('Master Matrix'!S$4:S$41,MATCH($B$4,'Master Matrix'!$G$4:$G$41,0)),"") -> Education and reassurance (the highest-value intervention); manual therapy as a short-term adjunct combined with exercise; heat; AVOID bed rest, imaging and opioids
A24: Advanced / surgical options | B24: =IFERROR(INDEX('Master Matrix'!T$4:T$41,MATCH($B$4,'Master Matrix'!$G$4:$G$41,0)),"") -> If persistent and high-impact: multidisciplinary or psychologically-informed rehabilitation. NICE and most guidelines do NOT recommend injections, fusion or disc replacement for non-specific low back pain
A25: Outcome measures | B25: =IFERROR(INDEX('Master Matrix'!U$4:U$41,MATCH($B$4,'Master Matrix'!$G$4:$G$41,0)),"") -> OSWESTRY DISABILITY INDEX or Roland-Morris; NPRS; STarT Back; Patient-Specific Functional Scale
A26: Re-testable markers | B26: =IFERROR(INDEX('Master Matrix'!V$4:V$41,MATCH($B$4,'Master Matrix'!$G$4:$G$41,0)),"") -> ODI or RMDQ; sitting, standing and walking tolerance; FUNCTION-based markers; return to work
A27: Expected timeline | B27: =IFERROR(INDEX('Master Matrix'!W$4:W$41,MATCH($B$4,'Master Matrix'!$G$4:$G$41,0)),"") -> Most acute episodes improve substantially within 6 weeks; recurrence is common so self-management is central
A28: Referral / surgical trigger | B28: =IFERROR(INDEX('Master Matrix'!X$4:X$41,MATCH($B$4,'Master Matrix'!$G$4:$G$41,0)),"") -> Red flag features; progressive neurological deficit; failure to improve with active management
A29: Evidence anchor | B29: =IFERROR(INDEX('Master Matrix'!Y$4:Y$41,MATCH($B$4,'Master Matrix'!$G$4:$G$41,0)),"") -> NICE NG59; Lancet Low Back Pain Series 2018; STarT Back stratified care
A31: NOTES
A32: • Green text is pulled from the Master Matrix — edit the matrix, not this sheet.
A33: • Check RED FLAG STATUS first. A crimson entry means screen, image or refer before rehabilitating.
A34: • The DESIRED ACTIVITY GOAL and PHYSIOTHERAPY SPECIFIC EXERCISE rows are written to be handed straight to the patient.
A35: • Print this sheet (portrait, fit to one page wide) for the patient file.

Sheet Assessment Roadmap
A1: FIVE-GATE ASSESSMENT ROADMAP
A2: Work top to bottom. Gate 1 includes the cauda equina questions; Gate 2 — back-dominant or leg-dominant — directs the whole pathway.
A3: Gate | B3: Purpose | C3: What You Assess | D3: Findings That Matter | E3: Decision Rule
A4: GATE 1 | B4: Screen for serious pathology — and ASK THE CAUDA EQUINA QUESTIONS | C4: Cauda equina; fracture; infection; malignancy; abdominal aortic aneurysm; visceral referral | D4: ASK EVERY PATIENT ABOUT BLADDER FUNCTION, SADDLE SENSATION AND BILATERAL LEG SYMPTOMS — CAUDA EQUINA SYNDROME is the most consequential miss in lumbar practice and the questions take thirty seconds. CONSTANT non-mechanical NIGHT PAIN with systemic features or a cancer history = malignancy or infection. FOCAL midline tenderness after minor trauma in an older adult = fragility fracture. Deep constant pain with a PULSATILE ABDOMINAL MASS in an older male = AAA. PAIN NOT REPRODUCIBLE ON MOVEMENT TESTING = look outside the musculoskeletal system | E4: Any positive -> refer or image BEFORE any local treatment. SAFETY-NET EVERY PATIENT in writing
A5: GATE 2 | B5: Is this BACK-DOMINANT or LEG-DOMINANT pain? | C5: Relative severity and distribution of back versus leg symptoms | D5: BACK-DOMINANT with no leg symptoms below the knee = non-specific low back pain, facet, discogenic or SIJ. LEG-DOMINANT below the knee with neurological signs = RADICULOPATHY. LEG symptoms on WALKING relieved by SITTING OR FLEXION = neurogenic claudication (STENOSIS). This single question directs the entire subsequent pathway | E5: Back-dominant and leg-dominant presentations have different natural histories, different treatments and different prognoses
A6: GATE 3 | B6: Risk-stratify and identify the DOMINANT PAIN MECHANISM | C6: STarT Back; psychosocial screening; sensitisation features | D6: USE STarT BACK to match treatment intensity to prognosis — low risk needs reassurance and advice, high risk needs psychologically-informed physiotherapy. Identify NOCICEPTIVE (load and position related, clear mechanical pattern), NEUROPATHIC (dermatomal, neurological signs) and NOCIPLASTIC (widespread, disproportionate, sensitised) presentations, because they need fundamentally different approaches | E6: Matching treatment to risk and mechanism improves outcomes more than any specific exercise choice
A7: GATE 4 | B7: Which region and which tissue — LUMBAR or SACROILIAC? | C7: Localise by region, then by tissue | D7: LUMBAR: pain above L5, midline or paraspinal, changed by lumbar movement. SACROILIAC: pain BELOW THE PSIS (Fortin finger test), unilateral, with THREE OR MORE POSITIVE LASLETT TESTS and a negative lumbar examination. Then: extension-provoked = facet or stenosis; flexion-provoked = discogenic; mid-range with aberrant movement = motor control; single-leg loading and transitions = SIJ or pelvic girdle | E7: SIJ pain is over-diagnosed on palpation and motion tests, which are unreliable. The Laslett provocation cluster is the only validated clinical test set
A8: GATE 5 | B8: Quantify function, capacity and the loading exposure | C8: Functional tolerance; trunk and hip capacity; the actual daily and occupational load | D8: SITTING, STANDING AND WALKING TOLERANCE in minutes; ODI or RMDQ; trunk ENDURANCE (side bridge, prone bridge, Biering-Sorensen); HIP strength and mobility (a stiff or weak hip drives lumbar load); SLR and neurological status where leg symptoms are present; and a detailed account of the ACTUAL loading exposure at work and home | E8: These become the baseline re-testable markers. FUNCTIONAL TOLERANCE and HIP CAPACITY are the two highest-yield measures in the lumbar spine
A10: DIAGNOSTIC ALGORITHM — NARRATIVE FLOW
A11: • Low back pain → RED FLAGS INCLUDING THE CAUDA EQUINA QUESTIONS? → YES: refer or image. NO ↓ (and safety-net in writing regardless)
A12: • BACK-DOMINANT or LEG-DOMINANT? ↓
A13: • BACK-DOMINANT → extension-provoked = facet; sustained-flexion-provoked = discogenic; mid-range with aberrant movement = motor control; below the PSIS with 3+ Laslett tests = SACROILIAC; no clear pattern = non-specific.
A14: • LEG-DOMINANT → below the knee with neurological signs = RADICULOPATHY; on walking relieved by SITTING or FLEXION = STENOSIS; relieved by STANDING STILL with absent pulses = VASCULAR; deep buttock with a normal lumbar examination = deep gluteal syndrome.
A15: • RISK-STRATIFY with STarT Back and identify the DOMINANT PAIN MECHANISM (nociceptive, neuropathic, nociplastic). ↓
A16: • SPECIAL POPULATIONS → under 45 with inflammatory features = axSpA (rheumatology); young athlete with extension pain = SPONDYLOLYSIS (MRI); pregnant or postpartum = pelvic girdle pain; older adult with sudden pain after minor trauma = FRAGILITY FRACTURE; child = lower investigation threshold. ↓
A17: • Then quantify FUNCTIONAL TOLERANCE, TRUNK ENDURANCE and HIP CAPACITY → set baseline markers → educate → enter the Phased Programme.
A19: CLINICAL PEARL
A20: • Convert every presentation into two or three FUNCTIONAL re-testable markers BEFORE you treat — sitting, standing and walking tolerance, and the ODI or RMDQ.
A21: • If those markers do not improve over 4-6 weeks, audit adherence, dosage, mechanism and psychosocial factors — do NOT default to adding passive treatment or repeating imaging.

Sheet Subjective Exam
A1: SUBJECTIVE EXAMINATION TEMPLATE
A2: Yellow column is the input column. The cauda equina questions and the psychosocial screen are not optional extras — they are the core of this assessment.
A3: Domain | B3: What to Ask | C3: Why It Matters | D3: Findings (fill in)
A4: Demographics & context | B4: Age; occupation and actual tasks; sport and level; home and caring demands | C4: Occupational and life load is often the exposure that matters, and age shifts the differential | D4: e.g. 38 y, warehouse picker, lifts 15 kg repeatedly
A5: CAUDA EQUINA QUESTIONS | B5: Any change in BLADDER control or sensation? Any BOWEL change? NUMBNESS IN THE SADDLE AREA or when wiping? BILATERAL leg symptoms? Any change in sexual sensation? | C5: ASK EVERY PATIENT, EVERY TIME. This is the most consequential screen in lumbar practice and takes thirty seconds
A6: BACK versus LEG dominance | B6: Which is worse - the back or the leg? How far down the leg does it go? | C6: DIRECTS THE ENTIRE PATHWAY. Record the two pain scores separately
A7: Onset & mechanism | B7: Gradual or sudden? Lifting, twisting, trivial mechanism, or no trigger at all? | C7: A trivial mechanism in an older adult suggests fragility fracture; no mechanical trigger at all raises other questions
A8: Aggravating and easing factors | B8: What makes it worse - sitting, standing, walking, bending, extension? What eases it? | C8: Extension-provoked = facet or stenosis. Sustained-flexion-provoked = discogenic. Relieved by sitting when walking = stenosis
A9: 24-hour pattern | B9: Morning stiffness DURATION? Night pain? Does it ease with movement or worsen? | C9: MORNING STIFFNESS OVER 30 MINUTES improving WITH exercise = INFLAMMATORY. Constant night pain unrelieved by position = serious pathology
A10: RED FLAG SCREEN | B10: Fever, unexplained weight loss, cancer history, steroid use, IV drug use, recent infection or procedure, trauma, age of onset | C10: GATE 1 - infection, malignancy, fracture and inflammatory disease all present here
A11: Neurological screen | B11: Numbness or tingling - WHERE exactly? Any weakness, foot drop, or tripping? | C11: Dermatomal distribution and myotomal weakness define radiculopathy; progressive weakness changes the pathway
A12: Walking and claudication | B12: How far can you walk? What stops you? What relieves it - SITTING or STANDING STILL? | C12: The RELIEVING factor discriminates neurogenic (sitting/flexion) from vascular (standing still) claudication
A13: FUNCTIONAL TOLERANCE | B13: How long can you sit, stand, walk? What can you no longer do that matters to you? | C13: The most useful objective markers and the basis for meaningful goals
A14: OCCUPATIONAL LOAD & SATISFACTION | B14: Tasks, loads, postures, vibration, hours. And: do you enjoy the job? Do you have control over how you work? | C14: JOB SATISFACTION AND CONTROL predict outcome at least as strongly as physical load
A15: BELIEFS & WHAT THEY HAVE BEEN TOLD | B15: What do you think is wrong? What have you been told? Have you had a scan, and what did it say? | C15: THE IMAGING CONVERSATION IS A CLINICAL INTERVENTION - "crumbling" and "wear and tear" create disability
A16: Fear and avoidance | B16: What are you avoiding? What are you afraid might happen if you bend or lift? | C16: Fear-avoidance is a major modifiable predictor of persistent disability
... A21: Goals | B21: What do you need to get back to - specifically? Which task, which activity, how many hours? | C21: Feeds directly into the DESIRED ACTIVITY GOAL column and the Patient-Specific Functional Scale
A23: HOW TO FILL THIS SHEET
A24: • Row 4 shows an example entry in grey — overwrite it.
A25: • THE CAUDA EQUINA QUESTIONS ARE MANDATORY IN EVERY LUMBAR ASSESSMENT, and you must give WRITTEN safety-netting advice regardless of the answers. Document both.
A26: • Four questions triage most low back pain: "Which is worse, the back or the leg?", "How far down does it go?", "What eases it?", and "What have you been told is wrong?"
A27: • THE BELIEFS QUESTION IS NOT SMALL TALK. What the patient has been told about their spine frequently is the main clinical problem, and reframing it is the intervention.
A28: • Administer STarT Back at first contact — it changes what you do, not just what you record.

Sheet Objective Exam
A1: PHYSICAL EXAMINATION TEMPLATE
A2: Yellow column is the input column. Functional tolerance and HIP capacity are the two most useful and most often omitted measures.
A3: Section | B3: Item | C3: How to Test / What to Look For | D3: Findings (fill in) | E3: Interpretation
A4: Observation | B4: Posture and alignment in standing | C4: Lateral shift, sagittal alignment, lordosis, deformity | D4: e.g. slight left lateral shift | E4: A lateral shift suggests a discogenic presentation with a directional preference
A5: Observation | B5: Gait and transitions | C5: Antalgia, sit-to-stand quality, guarding, movement confidence | E5: Guarded, slow transitions reflect fear and pain behaviour as much as tissue
A6: Movement | B6: Flexion, extension, side flexion, rotation | C6: Range, symptom response, quality, and where in range symptoms occur | E6: END-RANGE pain suggests articular or discal; MID-RANGE pain suggests motor control impairment
A7: Movement | B7: Aberrant movement patterns | C7: Painful arc, instability catch, Gower sign, reversed lumbopelvic rhythm | E7: Part of the clinical instability cluster
A8: Movement | B8: REPEATED MOVEMENT TESTING | C8: Repeated flexion, extension and lateral movements; note CENTRALISATION or peripheralisation | E8: CENTRALISATION is a strong POSITIVE prognostic sign and directs exercise direction
A9: Palpation | B9: Segmental posteroanterior pressure | C9: Symptom reproduction and segmental stiffness | E9: Use for symptom reproduction; reliability for precise level is modest
A10: Palpation | B10: Midline versus paraspinal tenderness | C10: Focal midline tenderness versus diffuse paraspinal | E10: FOCAL MIDLINE tenderness after trauma or in an older adult suggests FRACTURE
A11: NEUROLOGICAL | B11: Myotomes L2-S1 | C11: L2-3 hip flexion, L4 knee extension and dorsiflexion, L5 great toe extension, S1 plantarflexion and eversion | E11: PROGRESSIVE weakness changes the pathway from rehabilitation to referral
A12: NEUROLOGICAL | B12: Repeated single-leg heel raise | C12: Ability to perform 10-20 repetitions, compared with the other side | E12: More sensitive for S1 weakness than manual muscle testing
A13: NEUROLOGICAL | B13: Dermatomes and reflexes | C13: Light touch and pinprick by dermatome; knee and ankle reflexes | E13: Dermatomal change with myotomal weakness supports radiculopathy
A14: NEUROLOGICAL | B14: Straight leg raise and CROSSED SLR | C14: Angle of leg symptom reproduction, both sides | E14: CROSSED SLR is highly SPECIFIC for disc herniation
A15: NEUROLOGICAL | B15: Slump test | C15: Symptom reproduction with structural differentiation | E15: More sensitive than SLR; always differentiate structurally
A16: NEUROLOGICAL | B16: Femoral nerve stretch (prone knee bend) | C16: Anterior thigh symptom reproduction | E16: For UPPER lumbar radiculopathy, which SLR does not test
... A20: SACROILIAC | B20: ACTIVE STRAIGHT LEG RAISE | C20: Difficulty or heaviness lifting the leg; response to manual pelvic compression | E20: The key load transfer test, particularly in pregnancy and postpartum
A21: SACROILIAC | B21: AVOID palpation and motion tests | C21: Positional asymmetry and motion palpation | D21: n/a | E21: UNRELIABLE - do not base diagnosis or treatment on these findings
A22: HIP SCREEN | B22: Hip range - flexion, extension, internal and external rotation | C22: Goniometry, both sides; compare with normative values | E22: A STIFF HIP TRANSFERS RANGE AND LOAD DEMAND TO THE LUMBAR SPINE
A23: HIP SCREEN | B23: Hip provocation (FADIR, FABER) | C23: Groin pain reproduction suggesting a hip source | E23: Hip pathology commonly masquerades as, or coexists with, lumbar pain
A24: HIP SCREEN | B24: Hip abductor and extensor strength | C24: Handheld dynamometry or graded resisted testing, both sides | E24: Hip capacity deficits are near-universal contributors in lumbar and SIJ pain
A25: CAPACITY | B25: Biering-Sorensen (trunk extensor endurance) | C25: Hold time in seconds against normative values | E25: Low extensor endurance predicts first-time and recurrent back pain
A26: CAPACITY | B26: Side bridge endurance (both sides) | C26: Hold time and side-to-side ratio | E26: Ratios matter as much as absolute times
A27: CAPACITY | B27: Prone bridge endurance | C27: Hold time in seconds | E27: Anterior trunk endurance baseline
A28: CAPACITY | B28: Sit-to-stand and step-up quality | C28: Trunk and pelvic control under functional load | E28: Functional, relatable and directly tied to patient goals
A29: CAPACITY | B29: Lifting and hip hinge quality | C29: Hip hinge pattern; willingness and capacity to lift | E29: Assesses capability AND fear-avoidance together
A30: FUNCTIONAL | B30: Sitting tolerance (minutes) | C30: Time to symptom limitation | E30: A primary re-test marker and directly relatable to work
A31: FUNCTIONAL | B31: Standing tolerance (minutes) | C31: Time to symptom limitation | E31: A primary re-test marker
A32: FUNCTIONAL | B32: WALKING TOLERANCE (minutes or distance) | C32: Distance or time to symptom limitation, and what relieves it | E32: THE key marker in stenosis; the relieving factor is diagnostic
A33: Screening | B33: Abdominal palpation (older adults) | C33: Pulsatile expansile mass | E33: ABDOMINAL AORTIC ANEURYSM - takes seconds and is routinely skipped
A34: Screening | B34: Pedal pulses (claudicant presentations) | C34: Dorsalis pedis and posterior tibial pulses; ABPI if reduced | E34: MANDATORY in any claudicant presentation to exclude vascular disease
A36: HOW TO FILL THIS SHEET
A37: • THE TWO MOST USEFUL AND MOST OMITTED MEASURES: FUNCTIONAL TOLERANCE (sitting, standing, walking in minutes) and HIP CAPACITY (range and strength). Take both in every patient.
A38: • A FULL NEUROLOGICAL EXAMINATION is mandatory wherever there are leg symptoms — myotomes, dermatomes, reflexes and neurodynamic tests.
A39: • FOR THE SIJ, USE THE LASLETT CLUSTER AND IGNORE PALPATION AND MOTION TESTS. Positional asymmetry findings are unreliable and lead to a treatment model that creates dependence.
A40: • ASSESS THE HIP IN EVERY LUMBAR PRESENTATION. Hip pathology masquerades as lumbar pain, and hip stiffness and weakness drive lumbar load.
A41: • Transfer functional tolerance and capacity figures into the Progress Tracker, which generates the readiness verdict automatically.
A42: • Row 4 shows an example entry in grey — overwrite it.

Sheet Special Tests
A1: SPECIAL TESTS
A2: No single test is definitive. The cauda equina questions, the neurological examination and the Laslett cluster carry the most weight — and some commonly used tests should be abandoned.
A3: Category | B3: Test | C3: Targets | D3: Positive Finding | E3: Clinical Note
A4: Screening | B4: CAUDA EQUINA QUESTIONS | C4: Cauda equina syndrome | D4: Bladder or bowel change, saddle numbness, bilateral leg symptoms, sexual dysfunction | E4: ASK EVERY PATIENT. SAFETY-NET IN WRITING. This is the most consequential screen in lumbar practice
A5: Screening | B5: Abdominal palpation (older adults) | C5: Abdominal aortic aneurysm | D5: Pulsatile expansile mass | E5: Takes seconds and is routinely skipped in older patients with non-mechanical back pain
A6: Screening | B6: Mechanical reproducibility check | C6: Visceral and systemic mimics | D6: Pain NOT reproducible or modifiable on any movement test | E6: If nothing you do changes the pain, question whether it comes from the structures you are testing
A7: Neurological | B7: Straight leg raise | C7: Lumbar nerve root (L4-S1) | D7: Reproduction of the LEG symptoms between 30 and 70 degrees | E7: Sensitive but not specific; reproduction of BACK pain alone is not positive
A8: Neurological | B8: CROSSED straight leg raise | C8: Lumbar nerve root | D8: Raising the UNAFFECTED leg reproduces the affected leg symptoms | E8: Highly SPECIFIC for disc herniation — a strong positive finding
A9: Neurological | B9: Slump test | C9: Neural mechanosensitivity | D9: Symptom reproduction with structural differentiation on neck flexion release | E9: More sensitive than SLR; always use structural differentiation
A10: Neurological | B10: Femoral nerve stretch (prone knee bend) | C10: Upper lumbar roots (L2-L4) | D10: Anterior thigh symptom reproduction | E10: For upper lumbar radiculopathy, which SLR does not test
A11: Neurological | B11: Myotomes (L2-S1) | C11: Motor root function | D11: Weakness in a myotomal pattern | E11: L4 knee extension and dorsiflexion; L5 great toe extension; S1 plantarflexion and eversion
A12: Neurological | B12: Reflexes (knee, ankle) | C12: L3-L4 and S1 root function | D12: Diminished or absent reflex | E12: Compare sides; an absent ankle reflex is common and may be chronic
A13: Neurological | B13: SINGLE-LEG HEEL RAISE (repeated) | C13: S1 myotome | D13: Inability to perform 10-20 repetitions compared with the other side | E13: More sensitive for S1 weakness than manual testing
A14: Mechanical | B14: Repeated movement testing | C14: Directional preference | D14: CENTRALISATION or peripheralisation of symptoms | E14: Centralisation is a strong POSITIVE prognostic sign
... A34: Functional | B34: Sitting, standing and walking tolerance | C34: Functional capacity | D34: Time in minutes before symptoms limit | E34: The markers patients actually care about, and the best re-test measures
A36: ESSENTIAL EXAMINATION NOTES
A37: • THE CAUDA EQUINA QUESTIONS ARE THE MOST IMPORTANT "TEST" ON THIS SHEET and take thirty seconds. Ask them of every patient and safety-net in writing.
A38: • SIJ PALPATION AND MOTION TESTS ARE UNRELIABLE and should not drive diagnosis or treatment. The Laslett provocation cluster (3 or more of 5) is the only validated set.
A39: • PALPATE THE ABDOMEN AND CHECK PEDAL PULSES in older adults with non-mechanical back pain or claudicant symptoms — both take seconds and both are routinely skipped.
A40: • CENTRALISATION on repeated movement testing is one of the few strong POSITIVE prognostic signs available in this region — look for it deliberately.
A41: • ASSESS HIP RANGE AND STRENGTH in every lumbar and SIJ presentation.

Sheet Clusters & Classification
A1: DIAGNOSTIC CLUSTERS & CLASSIFICATION FRAMEWORKS
A2: Clustering beats any single test. Then match the label to a management pathway — and remember that risk and mechanism matter more than structure.
A3: Cluster | B3: Feature 1 | C3: Feature 2 | D3: Feature 3 | E3: Working Diagnosis
A4: CLUSTER 1 | B4: Back-dominant pain with no leg symptoms below the knee | C4: Diffuse rather than focal tenderness, with variable directional response | D4: NEGATIVE neurological examination, negative SLR, and no red flags | E4: Non-specific low back pain — risk-stratify with STarT Back
A5: CLUSTER 2 | B5: Recurrent back pain with a sense of giving way or catching | C5: PAIN IN MID-RANGE rather than end-range, with aberrant movement patterns on forward bending | D5: POSITIVE PRONE INSTABILITY TEST, often with generalised hypermobility | E5: Clinical instability / motor control impairment
A6: CLUSTER 3 | B6: Leg-dominant pain travelling BELOW THE KNEE | C6: POSITIVE straight leg raise or slump reproducing the leg symptoms | D6: DERMATOMAL sensory change, MYOTOMAL weakness or reflex change | E6: Lumbar radiculopathy — CENTRALISATION on repeated movements is a strong positive prognostic sign
A7: CLUSTER 4 | B7: Leg symptoms brought on by WALKING | C7: RELIEVED BY SITTING OR LEANING FORWARD; better walking uphill than downhill | D7: PEDAL PULSES PRESENT (excluding vascular claudication); bilateral symptoms common | E7: Lumbar spinal stenosis (neurogenic claudication)
A8: CLUSTER 5 | B8: Unilateral pain localised BELOW THE PSIS | C8: POSITIVE FORTIN FINGER TEST — the patient points to it with one finger below the PSIS | D8: THREE OR MORE POSITIVE from the LASLETT cluster, with a negative lumbar examination | E8: Sacroiliac joint pain
A9: CLUSTER 6 | B9: Back pain worse with EXTENSION and standing, eased by sitting | C9: Paraspinal tenderness over the facet, with referral to the buttock but NOT below the knee | D9: Relief with flexion; no neurological signs | E9: Lumbar facet joint pain — confirmable only by diagnostic medial branch blocks
A10: CLUSTER 7 | B10: ALTERNATING buttock pain in someone under 45 | C10: MORNING STIFFNESS OVER 30 MINUTES with night pain in the second half of the night | D10: IMPROVEMENT WITH EXERCISE BUT NOT WITH REST | E10: Inflammatory back pain — axial spondyloarthritis until rheumatology says otherwise
A12: THE ONE-LINE DIFFERENTIATORS
A13: • BACK-dominant with no leg symptoms = non-specific low back pain, facet, discogenic or SIJ
A14: • LEG-dominant below the knee with neurological signs = RADICULOPATHY
A15: • Leg symptoms on WALKING relieved by SITTING or FLEXION = neurogenic claudication (STENOSIS)
A16: • Leg symptoms on walking relieved by STANDING STILL, with absent pulses = VASCULAR claudication
A17: • BILATERAL leg symptoms with saddle numbness or bladder change = CAUDA EQUINA — EMERGENCY
A18: • Pain BELOW the PSIS with 3+ positive Laslett tests = SACROILIAC joint
A19: • Worse with EXTENSION and standing, better sitting = facet or stenosis
A20: • Worse with SUSTAINED FLEXION and sitting, better standing = discogenic
A21: • MID-RANGE pain with aberrant movement and a positive prone instability test = motor control impairment
A22: • ALTERNATING buttock pain, morning stiffness over 30 minutes, better with exercise = INFLAMMATORY
A23: • Persistent EXTENSION-related pain in a young athlete = SPONDYLOLYSIS until MRI says otherwise
... A28: • PAIN NOT REPRODUCIBLE ON ANY MOVEMENT TEST = look outside the musculoskeletal system
A30: Framework | B30: Category / Stage | C30: What It Means | D30: Management Implication
A31: STarT BACK | B31: Low / Medium / High risk | C31: Stratifies prognostic risk from physical and psychosocial items | D31: MATCH TREATMENT INTENSITY TO RISK: low risk needs reassurance and advice; medium risk needs physiotherapy; high risk needs psychologically-informed physiotherapy. Stratified care improves outcomes and reduces cost
A32: Pain mechanism | B32: Nociceptive / Neuropathic / NOCIPLASTIC | C32: Load and position related; dermatomal with neurological signs; widespread and disproportionate | D32: THE SINGLE MOST IMPORTANT CLASSIFICATION. Nociceptive responds to load management; neuropathic needs the root addressed; NOCIPLASTIC needs education, graded exposure and a time-contingent approach
A33: Back-dominant versus leg-dominant | B33: Back-dominant / Leg-dominant | C33: Which symptom is worse, and how far the leg symptoms travel | D33: Directs the entire pathway — different natural histories, treatments and prognoses
A34: Directional preference | B34: Extension / Flexion / Lateral / None | C34: Repeated movement testing producing CENTRALISATION or peripheralisation | D34: CENTRALISATION is a strong POSITIVE PROGNOSTIC SIGN in radiculopathy and guides exercise direction
A35: Meyerding grade (spondylolisthesis) | B35: Grade I-V by percentage slip | C35: I under 25%, II 25-50%, III 50-75%, IV 75-100%, V complete | D35: Low-grade slips are usually managed conservatively and do well; high-grade and progressive slips need surgical opinion
A36: Spondylolysis staging | B36: Stress reaction / Incomplete defect / Complete defect / Non-union | C36: MRI stage determines healing potential | D36: EARLY STRESS REACTIONS HEAL; established defects generally do not, but become asymptomatic with correct management
A37: Laslett SIJ cluster | B37: 3 or more of 5 provocation tests positive | C37: Distraction, thigh thrust, compression, sacral thrust, Gaenslen | D37: THE ONLY VALIDATED CLINICAL TEST SET for SIJ pain. Palpation and motion tests are unreliable — do not use them
A38: Inflammatory back pain (ASAS) | B38: 4 of 5 criteria | C38: Onset under 45, insidious, over 3 months, morning stiffness over 30 min, improvement with exercise not rest, night pain | D38: RHEUMATOLOGY REFERRAL. Average diagnostic delay is years, and physiotherapists are often the first to recognise it
A39: Bone stress risk | B39: Sacrum, pars interarticularis, pubic ramus, vertebral body | C39: Sites where repetitive or insufficiency loading produces bone failure | D39: The symptom window is PAIN-FREE, not the soft-tissue rule. In athletes screen ENERGY AVAILABILITY; in older adults screen BONE HEALTH
A40: Chronicity and impact | B40: Acute / Subacute / Persistent high-impact | C40: Duration plus the degree of functional and psychosocial impact | D40: High-impact persistent pain needs multidisciplinary, psychologically-informed care rather than more of the same tissue-focused treatment
A42: CLINICAL PEARL
A43: • THE TWO CLASSIFICATIONS THAT CHANGE OUTCOMES MOST ARE NOT STRUCTURAL. STarT Back risk and the dominant PAIN MECHANISM determine what you do far more than identifying which tissue hurts.
A44: • BACK-DOMINANT VERSUS LEG-DOMINANT is the practical branch point — establish it early and record both pain scores separately.
A45: • THE LASLETT CLUSTER IS THE ONLY VALIDATED SIJ TEST SET. Three or more of five provocation tests. Palpation and motion tests are unreliable and the "joint out of place" model drives dependence on repeated manipulation.
A46: • INFLAMMATORY BACK PAIN CRITERIA ARE WORTH MEMORISING — under 45, insidious, over 3 months, morning stiffness over 30 minutes, better with exercise not rest, night pain. Average diagnostic delay is years, and recognising it is a genuinely high-value contribution.

Sheet Imaging Guide
A1: IMAGING GUIDE
A2: The default in low back pain is NO IMAGING. It does not improve outcomes and is associated with more disability, more surgery and higher cost.
A3: Modality | B3: When to Request | C3: What It Answers | D3: Interpretation Caution
A4: NO IMAGING (the default) | B4: Non-specific low back pain without red flags | C4: Nothing that changes management | D4: IMAGING DOES NOT IMPROVE OUTCOMES in non-specific low back pain and is associated with MORE disability, more surgery and higher cost. Every major guideline advises against it
A5: Plain radiographs | B5: Suspected fracture; deformity assessment; spondylolisthesis; inflammatory disease | C5: Fracture, alignment, slip grade, disc height loss | D5: Degenerative findings are near-universal over 50 and correlate poorly with symptoms
A6: Flexion-extension radiographs | B6: Suspected dynamic instability or spondylolisthesis | C6: Segmental translation under load | D6: Static films can be normal in dynamic instability
A7: Standing full-length radiographs | B7: Adult deformity and sagittal imbalance | C7: Sagittal vertical axis, pelvic incidence, pelvic tilt, lumbar lordosis | D7: SAGITTAL BALANCE PARAMETERS correlate with disability better than coronal Cobb angle
A8: MRI | B8: Radiculopathy or stenosis where surgery is considered; suspected infection, malignancy, cauda equina or fracture; spondylolysis in the young athlete | C8: Neural compression, marrow oedema, infection, tumour, disc and ligament integrity | D8: ASYMPTOMATIC DISC DEGENERATION, BULGES AND HERNIATIONS ARE EXTREMELY COMMON — correlate with the clinical picture or you will mislabel normal ageing as pathology
A9: URGENT MRI | B9: Suspected CAUDA EQUINA, spinal infection, or metastatic cord compression | C9: The presence and level of compression | D9: SAME-DAY for cauda equina — do not defer to a routine pathway
A10: CT | B10: Fracture characterisation; the ANKYLOSED spine; pars defect detail; fusion assessment | C10: Cortical and bony detail, fracture line, union | D10: CT IS THE INVESTIGATION FOR THE ANKYLOSED SPINE after even minor trauma — plain films are inadequate
A11: MRI of the sacroiliac joints | B11: Suspected axial spondyloarthritis | C11: Bone marrow oedema indicating active sacroiliitis | D11: Radiographic sacroiliitis appears LATE — MRI detects it years earlier
A12: DXA | B12: Vertebral or pelvic fragility fracture; osteoporosis risk | C12: Bone mineral density | D12: A FRAGILITY FRACTURE MANDATES BONE HEALTH ASSESSMENT — this is the most commonly missed action in this region
A13: Ultrasound or CT abdomen | B13: Suspected abdominal aortic aneurysm or visceral source | C13: Aneurysm diameter; visceral pathology | D13: Urgent where an aneurysm is suspected; emergency where rupture is suspected
A15: WHEN TO IMAGE — AND ONLY THEN
A16: • SUSPECTED CAUDA EQUINA — SAME-DAY emergency MRI, not a routine request
A17: • PROGRESSIVE neurological deficit — urgent MRI and spinal referral
A18: • Suspected INFECTION or MALIGNANCY — urgent MRI with contrast plus inflammatory markers
A19: • Suspected FRACTURE — radiographs, then MRI to date it; CT in the ANKYLOSED spine
A20: • Young athlete with persistent EXTENSION-related pain — MRI for spondylolysis
A21: • INFLAMMATORY features under 45 — MRI of the sacroiliac joints
A22: • Radiculopathy or stenosis WHERE SURGERY IS BEING CONSIDERED — MRI
A23: • Suspected AAA or visceral source — urgent ultrasound or CT via medical referral
A25: IMAGING TRAPS — AND THE LANGUAGE PROBLEM
A26: • DEGENERATIVE FINDINGS ARE NORMAL AGEING. Disc degeneration is present in roughly 40% of 30-year-olds and over 90% of 60-year-olds WITHOUT pain. Disc bulges and protrusions are similarly common in asymptomatic people.
A27: • THE REPORT BECOMES THE PROBLEM. Words like "degeneration", "wear and tear" and "disc bulge" increase fear, pain and disability. If a scan has been done, REFRAMING IT IS PART OF THE TREATMENT.
... A31: • IN CHILDREN, THE THRESHOLD TO IMAGE IS LOWER than in adults, not higher.

Sheet Phased Programme
A1: PHASED MANAGEMENT PROGRAMME
A2: Progress by capacity and function, not by pain. Screening and education come before loading, and both carry more weight than exercise selection.
A3: Phase | B3: Name | C3: Typical Timing | D3: Goal | E3: Content | F3: Markers Tracked | G3: Exit Criteria
A4: Phase 0 | B4: Screen & Settle | C4: 0 - as required | D4: Exclude serious pathology; risk-stratify; settle acute symptoms; establish the plan and expectations | E4: RED FLAG SCREEN INCLUDING THE CAUDA EQUINA QUESTIONS and written safety-netting; STarT Back stratification; identify the dominant pain mechanism; simple analgesia; ADVICE TO STAY ACTIVE and avoid bed rest; early gentle movement and walking; EDUCATION that reframes hurt versus harm and sets realistic expectations | F4: Red flag status; STarT Back score; ODI or RMDQ; functional tolerance | G4: Serious pathology excluded; the patient understands the plan, the timeline and what to watch for
A5: Phase 1 | B5: Restore Movement & Confidence | C5: Weeks 0-4 | D5: Restore comfortable movement, reduce fear, and re-establish daily function | E5: Graded movement in all directions within tolerance; DIRECTIONAL PREFERENCE work where a clear preference exists; WALKING as the primary early activity; neural mobilisation where radicular; low-load trunk and hip activation; HIP and THORACIC mobility; graded exposure to feared movements; return to work planning from the outset | F5: Functional tolerance (sitting, standing, walking); ODI; fear of movement (TSK) | G5: Daily function improving; moving with less guarding; back at work or on a return plan
A6: Phase 2 | B6: Build Capacity | C6: Weeks 4-12 | D6: Build trunk, hip and general capacity to raise loading tolerance | E6: PROGRESSIVE TRUNK AND HIP STRENGTHENING 2-3x/week — exercise TYPE matters far less than progression and adherence; trunk ENDURANCE work; HIP strength and mobility (a weak or stiff hip drives lumbar load); HIP HINGE and lifting retraining; AEROBIC EXERCISE 150 min/week; graded exposure to bending, lifting and sustained postures | F6: Trunk endurance tests; hip strength and range; ODI; loading tolerance | G6: Meaningful strength and endurance gains; bending and lifting without fear; full or near-full work duties
A7: Phase 3 | B7: Load & Function | C7: Weeks 8-20 | D7: Restore occupational and sporting loading capacity | E7: Progressive loaded lifting and carrying; occupational task simulation with actual loads; sport-specific progression; power and rate of force development where relevant; continued strengthening 2x/week; full aerobic conditioning; work hardening where needed | F7: Loaded lifting capacity; occupational task tolerance; sport-specific progression | G7: Occupational or sporting loading demands met without symptom escalation
A8: Phase 4 | B8: Maintain & Self-Manage | C8: Ongoing | D8: Consolidate gains, prevent recurrence, and hand over self-management | E8: Maintenance strength and aerobic programme; FLARE MANAGEMENT PLAN written and rehearsed; workplace and activity modification embedded; ongoing physical activity habit; periodic self-review; clear criteria for when to seek further help | F8: Maintenance adherence; recurrence frequency and severity; work and activity participation | G8: Independent self-management with a written flare plan; exercise habit established
A10: MASTER TREATMENT ALGORITHM
A11: • SCREEN FIRST — red flags including the CAUDA EQUINA QUESTIONS, and give written safety-netting advice to EVERY patient
A12: • RISK-STRATIFY with STarT Back and identify the dominant pain mechanism (nociceptive, neuropathic, nociplastic)
A13: • CLASSIFY back-dominant versus leg-dominant — this directs the whole pathway
A14: • EDUCATE AND ACTIVATE: reframe imaging, explain the favourable natural history, advise staying active, and plan return to work from day one
A15: • CORE CARE (0-12 weeks): graded movement, progressive TRUNK AND HIP strengthening, aerobic exercise, hip hinge retraining, and graded exposure to feared activity
A16: • REASSESS at 4-6 weeks against FUNCTIONAL markers. Improving -> progress loading. Not improving -> audit adherence, dosage, mechanism and psychosocial factors rather than adding passive treatment
A17: • STALLED (>12 weeks): reconsider the mechanism — is this nociplastic? Is there an unrecognised inflammatory, bone stress or visceral cause? Escalate to psychologically-informed or multidisciplinary care rather than repeating tissue-focused treatment
A18: • TIME-CRITICAL EXCEPTIONS that bypass this sequence entirely: cauda equina syndrome, progressive neurological deficit, spinal infection, malignancy, fracture, abdominal aortic aneurysm, and any spinal pain after minor trauma in an ankylosed spine
A20: PRINCIPLES OF MANAGEMENT
A21: • EXERCISE TYPE MATTERS FAR LESS THAN PROGRESSION, ADHERENCE AND EDUCATION. No exercise modality is clearly superior — choose what the patient will actually do and progress it properly.
A22: • STAY ACTIVE AND AVOID BED REST. This is first-line advice in every guideline and the evidence is unambiguous.
... A27: • SET REALISTIC TIMELINES ON DAY ONE. Acute episodes settle in weeks; persistent high-impact pain is measured in months and in function rather than pain.

Sheet Exercise & Dosage
A1: EXERCISE PRESCRIPTION & DOSAGE LIBRARY
A2: Match the presentation to a strategy and a stage. Note that education and graded exposure sit here as interventions in their own right.
A3: Loading Category | B3: Purpose | C3: Example Exercises | D3: Dosage | E3: Best Suited To
A4: Education & reassurance | B4: The single highest-value intervention in low back pain | C4: Hurt versus harm; favourable natural history; imaging reframing; staying active; flare planning | D4: Every consultation, revisited | E4: EVERY presentation — and it changes outcomes more than any exercise choice
A5: Walking | B5: The simplest and most accessible early activity | C5: Graded walking programme building time and distance | D5: Daily, building 10-20% weekly | E5: Acute and persistent low back pain; stenosis (with a flexed strategy)
A6: PROGRESSIVE TRUNK STRENGTHENING | B6: Build trunk capacity and loading tolerance | C6: Bird-dog, side bridge, prone bridge, loaded carries, progressive resistance | D6: 2-3 sets, 8-15 reps or 30-60 s holds, 2-3x/week | E6: All persistent low back pain — type matters less than progression
A7: Trunk ENDURANCE | B7: The capacity that sustained postures and occupational load actually demand | C7: Side bridge, prone bridge, Biering-Sorensen holds, progressive duration | D7: 2-3 sets to target time, 3x/week | E7: Occupational and postural low back pain; recurrence prevention
A8: HIP STRENGTHENING AND MOBILITY | B8: Reduce lumbar demand — a near-universal contributor | C8: Hip thrust, bridge, squat and hinge patterns, side-lying abduction; hip flexor and rotation mobility | D8: 3-4 sets, 8-12 RM, 2-3x/week; mobility daily | E8: EVERY lumbar and SIJ presentation — a stiff or weak hip loads the lumbar spine
A9: GLUTEAL STRENGTHENING | B9: Pelvic load transfer and posterior chain capacity | C9: Bridge, hip thrust, side-lying abduction, banded lateral walk, single-leg work | D9: 3-4 sets, 8-12 RM, 3x/week | E9: SIJ pain, pelvic girdle pain, deep gluteal syndrome, low back pain
A10: Directional preference work | B10: Symptom modification and centralisation in a defined subgroup | C10: Repeated extension, flexion or lateral movements based on testing | D10: 10-15 reps, every 2-3 hours initially | E10: Discogenic pain and radiculopathy where CENTRALISATION occurs
A11: Motor control training | B11: Segmental control in the instability subgroup | C11: Low-load segmental control progressing to functional and loaded patterns | D11: Daily initially, progressing to 3x/week loaded | E11: Clinical instability subgroup — not superior to other exercise overall, but may suit this group
A12: HIP HINGE & LIFTING RETRAINING | B12: Rebuild confident, capable bending and lifting | C12: Hip hinge pattern, deadlift progression, functional lifting with graded load | D12: 2-3 sets, 6-12 reps, 2-3x/week | E12: All presentations returning to lifting — and central to addressing fear-avoidance
A13: GRADED EXPOSURE | B13: Address fear-avoidance directly — the intervention, not an add-on | C13: Systematic re-exposure to feared and avoided movements on a TIME schedule | D13: Progress on schedule regardless of day-to-day pain | E13: Fear-avoidant and nociplastic presentations; post-surgical
A14: AEROBIC EXERCISE | B14: Broad benefit including in sensitised states | C14: Walking, cycling, swimming, any sustained activity the patient will actually do | D14: 150 min/week moderate intensity | E14: All presentations — particularly persistent and nociplastic pain
A15: PELVIC FLOOR & DEEP ABDOMINAL | B15: Force closure across the pelvis | C15: Pelvic floor activation, deep abdominal control, integrated load transfer training | D15: Daily initially, then 3x/week integrated | E15: Pregnancy-related and postpartum pelvic girdle pain — refer to pelvic health where available
A17: THE GENERIC PROGRESSION
A18: • Stage 1 — Education, reassurance, WALKING and graded movement within tolerance.
A19: • Stage 2 — Progressive TRUNK AND HIP strengthening plus trunk ENDURANCE, with aerobic exercise alongside.
A20: • Stage 3 — HIP HINGE and lifting retraining with graded loaded exposure to bending and carrying.
A21: • Stage 4 — Occupational and sport-specific loading at the volumes and intensities actually required.
A22: • EDUCATION AND GRADED EXPOSURE ARE INTERVENTIONS, NOT PREAMBLE — in fear-avoidant and nociplastic presentations they are the primary treatment.
A23: • HIP STRENGTHENING AND MOBILITY RUN THROUGH EVERY STAGE — it is the most consistently overlooked contributor in this region.

Sheet Adjuncts & Advanced
A1: ADJUNCTS, ADVANCED THERAPEUTICS & REFERRAL OPTIONS
A2: Education and active management carry most of the load. The final row is the AVOID list — and it matters as much as everything above it.
A3: Tier | B3: Intervention | C3: Role | D3: Evidence Position | E3: Practical Note
A4: Adjunct | B4: EDUCATION & REASSURANCE | C4: The foundation of all low back pain management | D4: The highest-value intervention available, and it costs nothing | E4: Reframe imaging language, explain the favourable natural history, address hurt versus harm, and give a written flare plan
A5: Adjunct | B5: STAYING ACTIVE / avoiding bed rest | C5: First-line advice in every guideline | D5: Strong evidence — bed rest worsens outcomes | E5: Explicitly advise against rest; give a specific activity plan rather than 'keep moving'
A6: Adjunct | B6: Manual therapy | C6: Short-term symptom relief to enable activity and exercise | D6: Modest short-term benefit; COMBINED with exercise is what works | E6: Use it to open a window for loading, never as a stand-alone or repeated passive treatment
A7: Adjunct | B7: Heat | C7: Symptomatic relief in acute low back pain | D7: Modest short-term benefit | E7: Cheap, safe and patient-controlled
A8: Adjunct | B8: PELVIC SUPPORT BELT | C8: Pelvic girdle pain, particularly in pregnancy | D8: Useful adjunct and a test of the load-transfer hypothesis | E8: Short-term use alongside exercise, not a permanent solution
A9: Adjunct | B9: Workplace and task modification | C9: Reduce the provocative loading exposure | D9: Central to occupational presentations | E9: Task height, load, frequency, vibration, break scheduling and graded return to duties
A10: Adjunct | B10: Coccygeal or wedge cushion | C10: Coccydynia and sitting-provoked pain | D10: Practical and effective | E10: Offloads the coccyx and changes sitting posture
A11: Adjunct | B11: Walking aid or trolley | C11: Stenosis and deformity | D11: Extends walking tolerance considerably by allowing a flexed strategy | E11: A practical intervention that patients often resist — frame it as extending independence
A12: Advanced | B12: Psychologically-informed physiotherapy | C12: High STarT Back risk; fear-avoidance; nociplastic presentations | D12: Well supported for high-risk and persistent presentations | E12: Cognitive-functional and graded exposure approaches; escalate to full multidisciplinary care where impact is high
A13: Advanced | B13: Pain neuroscience education | C13: Nociplastic and persistent high-impact pain | D13: Good evidence as part of a multimodal programme | E13: Combine with graded activity — education alone is insufficient
A14: Advanced | B14: Work hardening / vocational rehabilitation | C14: Prolonged work absence | D14: Supported for reducing absence duration | E14: Early involvement matters — prolonged absence is itself a risk factor for chronicity
... A21: Referral | B21: AVOID | C21: Opioids, bed rest, routine imaging, traction, TENS as stand-alone, repeated passive treatment | D21: Not recommended by current guidelines; several cause harm | E21: What you DON'T do matters as much as what you do in this region
A23: SEQUENCING NOTE
A24: • THE MOST EFFECTIVE INTERVENTION IN THIS REGION IS A CONVERSATION. Education, reassurance, reframing the imaging and advice to stay active outperform every passive treatment available.
A25: • MANUAL THERAPY WORKS AS AN ADJUNCT TO EXERCISE, not instead of it. Use it to open a window for loading, and do not let it become a repeated passive dependency.
A26: • INJECTIONS ARE FOR RADICULAR PAIN, NOT AXIAL BACK PAIN, and should be used to enable rehabilitation rather than as stand-alone treatment.
A27: • FUSION AND DISC REPLACEMENT ARE NOT RECOMMENDED FOR NON-SPECIFIC LOW BACK PAIN by most current guidelines. Surgery has good outcomes for defined indications and poor outcomes without one.
A28: • THE BONE HEALTH REFERRAL AFTER A FRAGILITY FRACTURE is the most routinely missed action in the region — a fracture without one is an incomplete episode of care.
A29: • THE AVOID LIST IS NOT OPTIONAL: no routine imaging, no bed rest, no opioids, no traction, no endless passive treatment, no repeated re-investigation in sensitised pain.

Sheet Post-Surgical Guide
A1: LUMBAR & SIJ SURGERY — PROTECTION & RETURN GUIDE
A2: 18 procedures across 8 categories. ALWAYS follow the operating surgeon's protocol — but do not extend their restrictions by default, which is a common and harmful habit.
A3: # | B3: Procedure Category | C3: Procedure | D3: Indication | E3: MOVEMENTS TO AVOID | F3: Protection (period) | G3: Mobilisation | H3: Loading From | I3: Return to Activity
A4: 1 | B4: Decompression | C4: Microdiscectomy | D4: Radiculopathy with progressive deficit, cauda equina, or refractory severe leg pain | E4: Heavy lifting and loaded flexion early; prolonged sitting | F4: 2-4 weeks | G4: Early gentle movement and walking | H4: 4-6 weeks | I4: 6-12 weeks (heavy manual 3-6 months)
A5: 1 | B5: Decompression | C5: Laminectomy / Laminotomy | D5: Symptomatic lumbar spinal stenosis | E5: Heavy lifting and loaded flexion early | F5: 2-6 weeks | G5: Early walking programme | H5: 6 weeks | I5: 3-6 months
A6: 1 | B6: Decompression | C6: Foraminotomy | D6: Lateral recess or foraminal stenosis with radiculopathy | E6: Loaded extension early | F6: 2-4 weeks | G6: Early gentle movement | H6: 4-6 weeks | I6: 6-12 weeks
A7: 1 | B7: Decompression | C7: EMERGENCY Decompression for Cauda Equina | D7: Cauda equina syndrome | E7: All loading until reviewed; bladder and bowel management central | F7: Per surgeon | G7: Early mobilisation once stable | H7: Per surgeon | I7: Determined by neurological recovery
A8: 2 | B8: Fusion & Stabilisation | C8: Posterolateral / Instrumented Fusion | D8: Instability, spondylolisthesis, deformity, fracture | E8: Loaded flexion and rotation; heavy lifting; PERMANENT reduction in lumbar range at fused levels | F8: 6-12 weeks | G8: Early walking; graded range from 6 weeks | H8: 12 weeks | I8: 6-12 months
A9: 2 | B9: Fusion & Stabilisation | C9: Interbody Fusion (TLIF / PLIF / ALIF / LLIF) | D9: Instability, spondylolisthesis, degenerative disc disease with instability | E9: Loaded flexion and rotation; heavy lifting; PERMANENT range reduction | F9: 6-12 weeks | G9: Early walking; graded range from 6 weeks | H9: 12 weeks | I9: 6-12 months
A10: 2 | B10: Fusion & Stabilisation | C10: Decompression with Fusion | D10: Stenosis with instability or spondylolisthesis | E10: Loaded flexion and rotation; heavy lifting | F10: 6-12 weeks | G10: Early walking programme | H10: 12 weeks | I10: 6-12 months
A11: 3 | B11: Deformity | C11: Adult Deformity Correction with Fusion | D11: Progressive deformity with sagittal imbalance and disabling symptoms | E11: Heavy loading; PERMANENT major range restriction; high complication rate in this population | F11: 12 weeks | G11: Early mobilisation per surgeon | H11: 12-16 weeks | I11: 9-12 months
A12: 3 | B12: Deformity | C12: Osteotomy (PSO / SPO) | D12: Fixed sagittal imbalance | E12: Heavy loading; PERMANENT range restriction | F12: 12 weeks | G12: Per surgeon | H12: 16 weeks | I12: 9-12 months
A13: 4 | B13: Fracture | C13: Vertebral Augmentation (Vertebroplasty / Kyphoplasty) | D13: Painful osteoporotic vertebral fracture — CONTESTED, with mixed trial evidence | E13: Loaded flexion; heavy lifting | F13: Minimal | G13: Early mobilisation | H13: 2-6 weeks | I13: 6-12 weeks
A14: 4 | B14: Fracture | C14: Posterior Instrumented Fixation (trauma) | D14: Unstable thoracolumbar fracture | E14: Loading until union; PERMANENT range restriction at fused levels | F14: 6-12 weeks | G14: Per surgeon | H14: 12 weeks | I14: 6-12 months
A15: 5 | B15: Sacroiliac | C15: SIJ Fusion | D15: Refractory SIJ pain after genuine conservative management — evidence is limited and contested | E15: Loaded single-leg activity until union; impact | F15: 6-12 weeks | G15: Protected weight bearing per surgeon | H15: 12 weeks | I15: 6-12 months
... A21: 8 | B21: Paediatric | C21: Scheuermann Kyphosis Correction | D21: Severe painful or progressive kyphosis | E21: Heavy loading; PERMANENT range restriction | F21: 12 weeks | G21: Per surgeon | H21: 12-16 weeks | I21: 9-12 months
A23: Restriction | B23: What It Means | C23: Applies To
A24: LOADED FLEXION AND LIFTING | B24: Avoid loaded bending and lifting while the disc or fusion consolidates — but only for the stated period, NOT indefinitely | C24: Microdiscectomy, all fusion procedures, vertebral augmentation
A25: LOADED EXTENSION | B25: Avoid loaded extension, which closes the foramen and loads the posterior elements | C25: Foraminotomy, laminectomy, pars repair
A26: ROTATION UNDER LOAD | B26: Avoid loaded rotation, which stresses the construct | C26: All fusion procedures, interbody fusion, deformity correction
A27: IMPACT AND SINGLE-LEG LOADING | B27: Avoid impact and loaded single-leg activity until union | C27: SIJ fusion, pars repair, fracture fixation
A28: NO RESTRICTION — EARLY MOBILISATION IS THE TREATMENT | B28: The risk is deconditioning and fear, not tissue failure; walking and movement start immediately | C28: Injections, radiofrequency neurotomy, uncomplicated decompression
A29: PERMANENT RANGE RESTRICTION | B29: A lasting limitation the patient must be counselled about BEFORE surgery | C29: All fusion procedures (particularly multi-level), deformity correction and osteotomy — the hips and thoracic spine must supply the range the lumbar spine no longer has
A30: BLADDER AND BOWEL MONITORING | B30: Ongoing neurological and continence monitoring is part of rehabilitation, not an afterthought | C30: Cauda equina decompression — residual deficit is common and needs specialist continence input
A32: GENERAL REHABILITATION PRINCIPLES
A33: • EARLY MOBILISATION AND WALKING after spinal surgery are safe and improve outcomes — prolonged restriction causes deconditioning and fear
A34: • DO NOT EXTEND THE SURGEON'S RESTRICTIONS BY DEFAULT — 'be careful with your back forever' is not a protocol and does measurable harm
A35: • ADDRESS FEAR-AVOIDANCE EXPLICITLY — it is extremely common after spinal surgery and is a major barrier to full recovery
A36: • SHIFT RANGE DEMAND TO THE HIPS AND THORACIC SPINE after fusion — they must now supply what the lumbar spine cannot
A37: • REBUILD LIFTING CAPACITY WITH GRADED EXPOSURE, not permanent avoidance — the endpoint is confident loaded bending
A38: • SET REALISTIC TIMELINES — discectomy recovery is measured in weeks to months, fusion in months to a year
A39: • RETURN TO WORK EARLY WITH MODIFIED DUTIES where possible — prolonged absence is itself a risk factor for poor outcome
A41: IMPORTANT
A42: • Timelines are general guidelines and vary with the procedure, levels, fixation, patient factors and surgeon preference
A43: • ALWAYS follow the specific post-operative protocol provided by the operating surgeon — it overrides everything here
A44: • SEVERAL PROCEDURES CARRY PERMANENT RANGE RESTRICTION that must be discussed BEFORE surgery, not discovered after it
... A47: • FUSION AND DISC REPLACEMENT ARE NOT RECOMMENDED FOR NON-SPECIFIC LOW BACK PAIN by most current guidelines

Sheet Sport & Occupation Profiles
A1: SPORTING & OCCUPATIONAL LUMBAR SPINE — DEMANDS & RISK COMPARISON
A2: Twenty sports and occupational populations: what the spine is asked to do, what goes wrong, and what to manage on the way back.
A3: Sport / Population | B3: Primary Lumbar & Pelvic Demands | C3: Common Injury Risks | D3: RETURN & LOAD CONSIDERATIONS
A4: Cricket (fast bowling) | B4: Repeated lumbar EXTENSION, rotation and lateral flexion at high velocity with front-foot impact | C4: SPONDYLOLYSIS and pars stress injury (the signature injury), disc injury, SIJ pain | D4: Bowling workload is the modifiable factor — apply age-appropriate over limits, monitor acute:chronic workload, and address mixed bowling actions. Any persistent extension pain in a young bowler needs MRI
A5: Gymnastics & Dance | B5: Extreme repeated extension and rotation, often in skeletally immature athletes | C5: SPONDYLOLYSIS, spondylolisthesis, disc injury, SIJ pain | D5: Cap extension-loading volume, ensure a genuine off-season, restore HIP EXTENSION and THORACIC ROTATION so the lumbar spine supplies less, and screen young athletes with persistent pain
A6: Rowing | B6: Repetitive loaded lumbar FLEXION under high force, high volume | C6: Discogenic pain, facet pain, SIJ pain, rib stress fracture | D6: Ergometer volume is a major driver — cap it in favour of on-water work; review catch position and lumbar flexion under load; build trunk endurance and hip mobility
A7: Weightlifting & Powerlifting | B7: High axial compressive and shear loading | C7: Discogenic pain, facet pain, muscle strain, pars stress in young lifters | D7: Technique and load progression are the levers — review hip hinge, bracing and bar path; progress load gradually; do not medicalise normal training soreness
A8: CrossFit & Functional Fitness | B8: High-volume loaded flexion and extension under fatigue | C8: Disc and facet injury, muscle strain, SIJ pain | D8: FATIGUE plus load plus volume is the risk combination — review programming, scaling and technique under fatigue rather than blaming any single movement
A9: Golf | B9: Repeated high-velocity rotation with lateral flexion and extension | C9: Facet pain, disc injury, SIJ pain, muscle strain | D9: Restore THORACIC ROTATION and HIP ROTATION so the lumbar spine rotates less; review swing mechanics and practice volume; build trunk and hip capacity
A10: Tennis & Racquet Sports | B10: Repeated extension and rotation during serving | C10: SPONDYLOLYSIS in adolescents, facet pain, disc injury | D10: Serving volume is the driver in young players — monitor it; restore thoracic and hip rotation; address kick serve extension load
A11: Football & Rugby | B11: Collision, rotation, and high running and cutting volume | C11: Disc injury, facet pain, SIJ pain, fracture in collision | D11: Screen after any significant collision; build trunk and hip capacity; manage running and collision load; graded return to contact
A12: Distance Running | B12: Repetitive axial loading and rotational control over high volume | C12: SACRAL STRESS FRACTURE, SIJ pain, disc injury, deep gluteal syndrome | D12: Screen ENERGY AVAILABILITY and bone health in any suspected bone stress; progress volume 10-15% weekly with an acute:chronic ceiling; build gluteal and trunk capacity
A13: Cycling | B13: Sustained lumbar FLEXION under load for prolonged periods | C13: Discogenic pain, muscle fatigue pain, deep gluteal syndrome | D13: BIKE FIT is the primary intervention — saddle height and setback, reach and bar drop; build trunk endurance and hip mobility; vary position on long rides
A14: Swimming | B14: Repeated extension in butterfly and breaststroke; rotation in freestyle | C14: SPONDYLOLYSIS in young swimmers, facet pain, extension-related pain | D14: Review stroke volume, particularly butterfly and breaststroke; build trunk and hip capacity; restore thoracic extension so the lumbar spine extends less
... A23: Pregnancy & Postpartum | B23: Changing load, centre of mass and ligamentous laxity, then infant-care demands | C23: PELVIC GIRDLE PAIN, low back pain, pelvic floor dysfunction | D23: Exercise and education first-line with a pelvic support belt; postpartum, assess the PELVIC FLOOR and abdominal wall and use a structured graded return to running rather than an arbitrary clearance date
A25: CROSS-CUTTING THEMES
A26: • EXTENSION-DOMINANT SPORTS (cricket fast bowling, gymnastics, dance, tennis serving, javelin, butterfly swimming): SPONDYLOLYSIS is the signature injury in skeletally immature athletes. Persistent extension pain needs MRI, and the load error is usually organisational — year-round specialisation, multiple teams, no off-season.
A27: • FLEXION-DOMINANT SPORTS AND OCCUPATIONS (rowing, cycling, manual handling, care work): discogenic presentations dominate. Volume, technique and equipment setup are the levers, and ergometer or sustained-position volume is often the specific culprit.
A28: • HIGH-VOLUME RUNNING: screen for SACRAL BONE STRESS and, in that case, for ENERGY AVAILABILITY — the local injury is frequently a systemic problem in disguise.
A29: • OCCUPATIONAL POPULATIONS: job satisfaction, perceived control and workplace relationships predict outcome at least as strongly as physical load. Early graded return to modified duties beats waiting for full recovery.
A30: • PREGNANCY AND POSTPARTUM: exercise and education first-line with a pelvic support belt; postpartum, assess the PELVIC FLOOR and abdominal wall and use a structured graded return to running rather than an arbitrary clearance date.

Sheet Return to Sport
A1: RETURN-TO-SPORT, WORK & DISCHARGE CRITERIA
A2: Discharge on function, capacity and self-management — not on the absence of pain, which is an unrealistic and unhelpful endpoint.
A3: Criterion | B3: Target | C3: How to Measure
A4: Red flag status | B4: Serious pathology excluded; the patient knows the cauda equina warning signs | C4: Documented screen plus WRITTEN safety-netting advice
A5: Pain and symptom behaviour | B5: No leg-dominant symptoms; back symptoms manageable and predictable | C5: NPRS back and leg separately; symptom diary
A6: FUNCTIONAL TOLERANCE | B6: Sitting, standing and walking tolerance meeting the demands of work and life | C6: Time in minutes for each; compare with the actual daily requirement
A7: Disability score | B7: ODI or RMDQ improved by at least the minimal clinically important difference | C7: ODI (MCID approximately 10 points) or RMDQ (MCID approximately 3-5 points)
A8: TRUNK ENDURANCE | B8: Trunk extensor and lateral endurance approaching normative values and side-to-side symmetry | C8: Biering-Sorensen, side bridge and prone bridge hold times and ratios
A9: HIP CAPACITY | B9: Hip extension, rotation range and abductor and extensor strength symmetrical | C9: Goniometry and handheld dynamometry, both sides
A10: LIFTING CAPACITY | B10: Able to lift and carry the loads the job or sport actually requires | C10: Graded functional lifting assessment with the real load
A11: Fear of movement | B11: Willing to bend, lift and load without avoidance | C11: TSK or FABQ; observed willingness on functional testing
A12: Sport or occupation-specific progression | B12: Full task or sport progression completed at required intensity and volume | C12: Documented staged progression without symptom escalation
A13: Self-management in place | B13: Written flare plan and a maintenance exercise habit established | C13: Patient can state the plan and demonstrate the programme
A15: CLINICAL PEARL
A16: • DISCHARGE ON FUNCTION AND SELF-MANAGEMENT, NOT ON PAIN. Waiting for zero pain in a recurrent condition sets an unreachable target and reinforces the idea that pain equals damage.
A17: • A WRITTEN FLARE PLAN IS A DISCHARGE CRITERION. Recurrence is the norm in low back pain — the patient should know exactly what to do when it happens.
A18: • THE PATIENT MUST KNOW THE CAUDA EQUINA WARNING SIGNS at discharge, in writing. This applies to every patient, not just those with leg symptoms.
A19: • FOR MANUAL WORKERS AND ATHLETES, TEST THE ACTUAL LOAD — a graded functional lifting assessment with the real weight, not a theoretical clearance.
A20: • Use the Progress Tracker to calculate the functional and capacity markers and generate an automatic pass/fail.

Sheet Progress Tracker
A1: PROGRESS TRACKER & READINESS CALCULATOR
A2: Enter values in the yellow cells only. The red flag gate at the top overrides every other measure below it.
A4: PATIENT & CASE DETAILS
A5: Patient ID / initials | B5: e.g. PR-096 | F5: Desired activity goal for this condition:
A6: Condition (as listed in Master Matrix) | B6: Non-Specific Low Back Pain | F6: =IFERROR(INDEX('Master Matrix'!K$4:K$41,MATCH($B$6,'Master Matrix'!$G$4:$G$41,0)),"Enter a condition exactly as listed in the Master Matrix") -> Work, lift, sit and exercise normally without disabling back pain
A7: Back-dominant or leg-dominant? | B7: Back-dominant
A8: STarT Back risk (low / medium / high) | B8: High
A10: RED FLAG SCREEN — COMPLETE THIS FIRST, EVERY TIME
A11: CAUDA EQUINA: bladder or bowel change, saddle numbness, bilateral leg symptoms? | B11: NO | D11: SAME-DAY EMERGENCY REFERRAL. Do not wait for retention
A12: Progressive myotomal weakness (particularly foot drop)? | B12: NO | D12: Urgent spinal referral and MRI — this changes the pathway
A13: Constant non-mechanical NIGHT pain, fever, weight loss, or cancer history? | B13: NO | D13: Urgent MRI and medical referral — infection or malignancy
A14: Sudden severe pain after minor or no trauma in an older adult? | B14: NO | D14: Imaging plus MANDATORY bone health assessment — fragility fracture
A15: Ankylosing spondylitis or DISH with any recent trauma? | B15: NO | D15: URGENT CT — plain films are inadequate in the ankylosed spine
A16: Deep constant pain with a pulsatile abdominal mass in an older adult? | B16: NO | D16: Urgent vascular referral; EMERGENCY if rupture is suspected
A17: Pain NOT reproducible or modifiable on ANY movement test? | B17: NO | D17: Look outside the musculoskeletal system — medical referral
A18: WRITTEN cauda equina safety-netting advice given and documented? | B18: NO | D18: This must be YES for EVERY patient regardless of the answers above
A19: SCREEN STATUS → | C19: =IF(COUNTIF(B11:B17,"YES")>0,"STOP — RED FLAG POSITIVE: refer or image before treating",IF(B18<>"YES","Screen clear — but SAFETY-NETTING ADVICE NOT YET DOCUMENTED","Screen clear and safety-netting documented — proceed")) -> Screen clear — but SAFETY-NETTING ADVICE NOT YET DOCUMENTED
A21: FUNCTIONAL TOLERANCE — THE ANCHOR MEASURES
A22: Measure | B22: Baseline | C22: Current | D22: Unit | E22: Change | F22: Target | G22: Status
A23: SITTING tolerance | B23: 15 | C23: 40 | D23: min | E23: =IF(OR(B23="",C23=""),"",C23-B23) -> 25 | F23: 60 | G23: =IF(OR(C23="",F23=""),"",IF(C23>=F23,"MET","NOT YET")) -> NOT YET
A24: STANDING tolerance | D24: min | E24: =IF(OR(B24="",C24=""),"",C24-B24) | F24: 60 | G24: =IF(OR(C24="",F24=""),"",IF(C24>=F24,"MET","NOT YET"))
A25: WALKING tolerance | D25: min | E25: =IF(OR(B25="",C25=""),"",C25-B25) | F25: 30 | G25: =IF(OR(C25="",F25=""),"",IF(C25>=F25,"MET","NOT YET"))
A26: Lifting capacity (task-relevant load) | D26: kg | E26: =IF(OR(B26="",C26=""),"",C26-B26) | F26: 15 | G26: =IF(OR(C26="",F26=""),"",IF(C26>=F26,"MET","NOT YET"))
A28: TRUNK & HIP CAPACITY
A29: Measure | B29: Measured | C29: Target / Normal | D29: Unit | E29: Deficit | F29: Status | G29: Note
A30: Biering-Sorensen (trunk extensor endurance) | B30: 65 | C30: 120 | D30: sec | E30: =IF(B30="","",C30-B30) -> 55 | F30: =IF(B30="","",IF(B30>=C30,"PASS","NOT YET")) -> NOT YET | G30: Low extensor endurance predicts first-time and recurrent back pain
A31: Side bridge LEFT | C31: 60 | D31: sec | E31: =IF(B31="","",C31-B31) | F31: =IF(B31="","",IF(B31>=C31,"PASS","NOT YET")) | G31: Compare sides — the ratio matters as much as the absolute time
A32: Side bridge RIGHT | C32: 60 | D32: sec | E32: =IF(B32="","",C32-B32) | F32: =IF(B32="","",IF(B32>=C32,"PASS","NOT YET")) | G32: Asymmetry over 5% is worth addressing
A33: Prone bridge | C33: 90 | D33: sec | E33: =IF(B33="","",C33-B33) | F33: =IF(B33="","",IF(B33>=C33,"PASS","NOT YET")) | G33: Anterior trunk endurance baseline
A34: HIP EXTENSION range (involved side) | C34: 10 | D34: deg | E34: =IF(B34="","",C34-B34) | F34: =IF(B34="","",IF(B34>=C34,"PASS","NOT YET")) | G34: A STIFF HIP TRANSFERS RANGE AND LOAD DEMAND TO THE LUMBAR SPINE
A35: Hip abductor strength (% of other side) | C35: 90 | D35: % | E35: =IF(B35="","",C35-B35) | F35: =IF(B35="","",IF(B35>=C35,"PASS","NOT YET")) | G35: Hip capacity deficits are near-universal contributors here
A37: OUTCOME MEASURES — BASELINE vs CURRENT
A38: Measure | B38: Baseline | C38: Current | D38: Unit | E38: Change | F38: MCID | G38: Status
A39: OSWESTRY DISABILITY INDEX | B39: 48 | C39: 30 | D39: % | E39: =IF(OR(B39="",C39=""),"",C39-B39) -> -18 | F39: 10 | G39: =IF(OR(B39="",C39=""),"",IF(B39-C39>=F39,"MCID MET","NOT YET")) -> MCID MET
A40: BACK pain (NRS 0-10) | D40: /10 | E40: =IF(OR(B40="",C40=""),"",C40-B40) | F40: 2 | G40: =IF(OR(B40="",C40=""),"",IF(B40-C40>=F40,"MCID MET","NOT YET"))
A41: LEG pain (NRS 0-10) | D41: /10 | E41: =IF(OR(B41="",C41=""),"",C41-B41) | F41: 2 | G41: =IF(OR(B41="",C41=""),"",IF(B41-C41>=F41,"MCID MET","NOT YET"))
A42: Patient-Specific Functional Scale | D42: /10 | E42: =IF(OR(B42="",C42=""),"",C42-B42) | F42: 2 | G42: =IF(OR(B42="",C42=""),"",IF(C42-B42>=F42,"MCID MET","NOT YET"))
A43: Fear of movement (TSK) | D43: points | E43: =IF(OR(B43="",C43=""),"",C43-B43) | F43: 4 | G43: =IF(OR(B43="",C43=""),"",IF(B43-C43>=F43,"MCID MET","NOT YET"))
A45: DISCHARGE READINESS
A46: Red flags positive | B46: =COUNTIF(B11:B17,"YES") -> 0
A47: Functional targets met | B47: =COUNTIF(G23:G26,"MET") -> 0
A48: Capacity measures passed | B48: =COUNTIF(F30:F35,"PASS") -> 0
A49: Outcome measures reaching MCID | B49: =COUNTIF(G39:G43,"MCID MET") -> 1
A50: WRITTEN FLARE PLAN in place and rehearsed with the patient | B50: NO
A51: Patient knows the CAUDA EQUINA warning signs (written advice given) | B51: NO
A52: Maintenance exercise habit established and self-directed | B52: NO
A53: Work or sport-specific loading demonstrated at the required level | B53: NO
A54: The load or exposure driver has been identified and corrected | B54: NO
A56: OVERALL DISCHARGE STATUS → | C56: =IF(COUNTIF(B11:B17,"YES")>0,"NOT READY — RED FLAG POSITIVE: refer or image before proceeding",IF(B18<>"YES","NOT READY — cauda equina safety-netting advice not yet documented",IF(COUNT(C23:C26)=0,"Enter data to calculate",IF(AND(COUNTIF(G23:G26,"NOT YET")=0,COUNTIF(F30:F35,"NOT YET")=0,COUNTIF(B50:B54,"YES")=5),"READY FOR DISCHARGE — all criteria met","NOT YET — criteria outstanding: continue management and re-test")))) -> NOT READY — cauda equina safety-netting advice not yet documented
A58: HOW TO USE THIS SHEET
A59: • Yellow cells are inputs. Every other cell is a formula — do not overwrite them.
A60: • THE RED FLAG SCREEN AT THE TOP GATES THE WHOLE SHEET. Any YES forces a NOT READY verdict regardless of every other measure — no amount of functional progress makes it safe to rehabilitate an unscreened cauda equina or fracture.
A61: • THE SAFETY-NETTING ROW IS SEPARATE AND MUST BE YES FOR EVERY PATIENT. It is not a red flag; it is a record that you gave written cauda equina advice, which is a standard of care.
A62: • SET FUNCTIONAL TARGETS TO THE PATIENT'S ACTUAL REQUIREMENT — the sitting hours their job needs, the walking distance they want back. Generic targets are far less useful than real ones.
A63: • THE MCID COLUMN MATTERS: an ODI change of 4 points is not a meaningful improvement. ODI approximately 10 points, NPRS 2 points, PSFS 2 points.
A64: • NOTE THAT DISCHARGE DOES NOT REQUIRE ZERO PAIN. It requires function, capacity, self-management and a flare plan. Setting pain-free as the target in a recurrent condition sets the patient up to fail.
A65: • Example values are pre-filled in the first row of each block — overwrite them.

Sheet Outcome Measures
A1: OUTCOME MEASURES
A2: One patient-reported measure plus functional tolerance and a capacity marker is the minimum baseline dataset.
A3: Measure | B3: Full Name | C3: What It Captures | D3: Scoring | E3: Best Suited To
A4: OSWESTRY DISABILITY INDEX (ODI) | B4: Condition-specific disability questionnaire | C4: Functional disability from back pain | D4: 0-100% (lower = better); MCID approximately 10 points | E4: The most widely used lumbar outcome measure — the default choice
A5: Roland-Morris (RMDQ) | B5: 24-item disability questionnaire | C5: Functional disability, more sensitive at lower disability levels | D5: 0-24 (lower = better); MCID approximately 3-5 points | E5: Better than ODI for milder presentations
A6: STarT BACK | B6: 9-item prognostic screening tool | C6: Risk of persistent disabling back pain | D6: Total 0-9 with a psychosocial subscale; low / medium / high risk | E6: USE AT FIRST CONTACT to stratify treatment intensity — it changes what you do
A7: Patient-Specific Functional Scale | B7: Patient-nominated activities rated 0-10 | C7: Function in activities the patient actually cares about | D7: 0-10 per activity (higher = better); MCID approximately 2 points | E7: Excellent for goal setting and for tracking what matters to the individual
A8: NPRS (back and leg SEPARATELY) | B8: 0-10 numeric rating for each | C8: Back-dominant versus leg-dominant symptom behaviour | D8: 0-10 (lower = better) | E8: RECORD THEM SEPARATELY — the ratio and its change direct the pathway
A9: Pelvic Girdle Questionnaire | B9: 25-item condition-specific measure | C9: Activity and symptom impact in pelvic girdle pain | D9: 0-100 (lower = better) | E9: Pregnancy-related and postpartum pelvic girdle pain
A10: Zurich Claudication Questionnaire | B10: Symptom severity, physical function and satisfaction | C10: Neurogenic claudication severity | D10: Subscale scores | E10: Lumbar spinal stenosis — the condition-specific standard
A11: BASDAI / BASFI / BASMI | B11: Ankylosing spondylitis disease activity, function and metrology | C11: Inflammatory disease activity, function and spinal mobility | D11: 0-10 (BASDAI, BASFI); BASMI composite | E11: Axial spondyloarthritis
A12: TSK / FABQ | B12: Fear of movement and fear-avoidance beliefs | C12: Fear-avoidance, a key modifiable prognostic factor | D12: TSK 17-68; FABQ work and physical activity subscales | E12: Fear-avoidant presentations and post-surgical rehabilitation
A13: Pain Catastrophising Scale | B13: 13-item catastrophising measure | C13: Rumination, magnification and helplessness | D13: 0-52 (lower = better) | E13: Persistent and high-impact presentations
A14: Central Sensitisation Inventory | B14: 25-item screening measure | C14: Features suggesting central sensitisation | D14: 0-100; 40 or above suggests sensitisation | E14: Widespread, disproportionate or persistent presentations
... A18: Work status and absence days | B18: Days absent, hours worked, duties performed | C18: Participation — what ultimately matters | D18: Days and hours | E18: All working-age patients; the outcome that most affects life and cost
A20: NOTES
A21: • RECORD BACK AND LEG PAIN SEPARATELY. The ratio and its change direct the pathway, and a single "back pain score" loses the most useful information you have.
A22: • USE STarT BACK AT FIRST CONTACT — it is a prognostic tool that changes treatment intensity, not just a descriptive score.
A23: • KNOW THE MCID: ODI approximately 10 points, RMDQ 3-5 points, NPRS 2 points, PSFS 2 points. Small changes are not meaningful ones.
A24: • THE PATIENT-SPECIFIC FUNCTIONAL SCALE is the most useful measure for goal setting because the patient chooses the activities.
A25: • WORK STATUS AND ABSENCE DAYS are the outcome that most affects the patient's life and the wider cost — record them.

Sheet Whole-Person Screen
A1: WHOLE-PERSON & PSYCHOSOCIAL SCREEN
A2: In this region the psychosocial factors are not context — they are the strongest predictors of outcome available, and they are modifiable.
A3: Factor | B3: Relevance to Lumbar & Pelvic Pain | C3: What to Screen | D3: Clinical Action | E3: Findings (fill in)
A4: PSYCHOSOCIAL FACTORS | B4: Fear-avoidance, catastrophising, distress, low self-efficacy and job dissatisfaction predict persistent disability FAR BETTER than any imaging or physical finding | C4: STarT Back at first contact; TSK or FABQ; PCS; ask about mood, sleep and work satisfaction | D4: Match treatment intensity to risk; use psychologically-informed physiotherapy for high-risk presentations; address beliefs directly
A5: BELIEFS AND LANGUAGE | B5: What patients are told about their spine shapes their outcome — 'wear and tear', 'crumbling', 'a disc out of place' all increase fear and disability | C5: Ask what they have been told and what they believe is wrong | D5: ACTIVELY REFRAME — this is a clinical intervention, not small talk. Explain that degenerative findings are normal ageing
A6: SLEEP | B6: Poor sleep amplifies pain, reduces tolerance and predicts poorer outcomes; the relationship is bidirectional | C6: Sleep duration, quality, position and disturbance | D6: Sleep hygiene advice; address it explicitly rather than treating it as peripheral
A7: OCCUPATIONAL LOAD AND SATISFACTION | B7: Physical load matters, but JOB SATISFACTION AND PERCEIVED CONTROL predict outcome at least as strongly | C7: Tasks, loads, postures, vibration, hours — and satisfaction, control and workplace relationships | D7: Task modification plus early graded return to work; involve occupational health for prolonged absence
A8: PHYSICAL ACTIVITY AND FITNESS | B8: Low general fitness reduces tolerance and slows recovery; aerobic exercise benefits persistent pain | C8: Current activity levels, exercise history and preferences | D8: Build a sustainable activity habit the patient will actually maintain — preference beats prescription
A9: BODY WEIGHT AND METABOLIC HEALTH | B9: Associated with low back pain prevalence and with poorer surgical outcomes | C9: Screen where relevant and where the patient is receptive | D9: Support alongside exercise; avoid making it the sole focus or a barrier to care
A10: SMOKING | B10: Associated with low back pain, disc degeneration, poorer fusion rates and worse surgical outcomes | C10: Ask in every persistent presentation and before any surgical referral | D10: Cessation support; note the fusion and healing implications explicitly
A11: BONE HEALTH | B11: A vertebral, sacral or pelvic fragility fracture is a SENTINEL EVENT predicting the next one | C11: Previous fractures, falls, corticosteroid use, menopause status, family history | D11: REFER FOR BONE HEALTH ASSESSMENT — the most routinely missed action in this region
A12: ENERGY AVAILABILITY (athletes) | B12: Central to bone stress injury; a local injury is often a systemic problem in disguise | C12: Training load, nutrition, menstrual status, previous bone stress injuries | D12: Refer for bone health, nutrition and endocrine assessment where RED-S features are present
A13: COMPENSATION AND LITIGATION CONTEXT | B13: Associated with poorer outcomes, though the relationship is complex and not simply about motivation | C13: Ask neutrally and without judgement | D13: Be transparent, set clear functional goals, and avoid letting the process drive escalating investigation
A15: CLINICAL ACTIONS
A16: • PSYCHOSOCIAL FACTORS PREDICT PERSISTENT DISABILITY FAR BETTER THAN ANY IMAGING OR PHYSICAL FINDING. This is not a soft add-on — it is the best prognostic information available in this region.
A17: • WHAT THE PATIENT HAS BEEN TOLD IS OFTEN THE MAIN CLINICAL PROBLEM. Ask about it directly, and treat reframing as an intervention rather than as reassurance.
A18: • JOB SATISFACTION AND PERCEIVED CONTROL predict outcome at least as strongly as physical workload — ask about both.
A19: • SLEEP AND PAIN ARE BIDIRECTIONAL. Addressing sleep is not peripheral to back pain management.
A20: • A FRAGILITY FRACTURE WITHOUT A BONE HEALTH REFERRAL IS AN INCOMPLETE EPISODE OF CARE — the most routinely missed action in this region.
A21: • IN ATHLETES WITH BONE STRESS, SCREEN ENERGY AVAILABILITY — the local injury is frequently a systemic problem in disguise.

Sheet Red Flags
A1: RED FLAGS & TIME-SENSITIVE PRESENTATIONS
A2: Twelve presentations where rehabilitation is the wrong first move. The first one is the most consequential miss in musculoskeletal practice.
A3: Presentation | B3: Features | C3: Action Required | D3: Why It Cannot Wait
A4: CAUDA EQUINA SYNDROME | B4: Bladder or bowel change, SADDLE ANAESTHESIA, bilateral leg symptoms, sexual dysfunction | C4: SAME-DAY EMERGENCY REFERRAL for MRI and decompression | D4: THE MOST CONSEQUENTIAL MISS IN LUMBAR PRACTICE. Do not wait for retention. ASK AND SAFETY-NET EVERY PATIENT IN WRITING
A5: Progressive neurological deficit | B5: Worsening myotomal weakness, particularly foot drop | C5: Urgent spinal referral and MRI | D5: Progressive motor loss changes the pathway from rehabilitation to surgical decision
A6: Spinal infection | B6: Constant non-mechanical NIGHT PAIN, fever, systemic illness, IV drug use, immunosuppression, recent procedure | C6: Urgent medical referral, inflammatory markers and MRI with contrast | D6: Epidural abscess can progress to paralysis within hours
A7: Spinal malignancy | B7: Constant progressive night pain unrelated to movement, cancer history, unexplained weight loss, age over 50 with new pain | C7: Urgent MRI and medical referral | D7: METASTATIC SPINAL CORD COMPRESSION requires treatment within 24 hours of suspicion
A8: Vertebral fragility fracture | B8: Sudden severe pain after minor or no trauma in an older adult; focal midline tenderness | C8: Imaging plus MANDATORY bone health assessment | D8: A sentinel event — the next fracture is far more likely and is preventable
A9: Fracture in an ANKYLOSED spine | B9: ANY spinal pain after even minor trauma in ankylosing spondylitis or DISH | C9: URGENT CT — plain films are inadequate | D9: These are highly unstable long-lever fractures with high neurological risk, and they are frequently missed
A10: ABDOMINAL AORTIC ANEURYSM | B10: Deep constant non-mechanical back or abdominal pain with a PULSATILE mass; older male smoker | C10: Urgent vascular referral; EMERGENCY if rupture is suspected | D10: Palpating the abdomen takes seconds and is routinely skipped
A11: Visceral referred pain | B11: Pain NOT reproducible or modifiable on any movement test, with visceral symptoms | C11: Medical referral for investigation | D11: If nothing you do changes the pain, question the source
A12: Inflammatory back pain | B12: Under 45 at onset, morning stiffness over 30 minutes, night pain, BETTER with exercise not rest, alternating buttock pain | C12: Rheumatology referral | D12: Average diagnostic delay is years — recognising this pattern is a genuinely high-value contribution
A13: Paediatric back pain | B13: Persistent pain in a child, night pain, fever, weight loss, neurological signs, rigid deformity, age under 10 | C13: Prompt paediatric referral and imaging | D13: A LOWER INVESTIGATION THRESHOLD APPLIES IN CHILDREN than in adults
A14: Bone stress injury | B14: Sacral, pars or pubic ramus pain with a training load spike, or with no trauma in an older adult | C14: MRI; screen ENERGY AVAILABILITY in athletes and BONE HEALTH in older adults | D14: The symptom window is PAIN-FREE, not the soft-tissue rule
A15: Widespread sensitisation | B15: Widespread disproportionate pain, allodynia, high disability with poor correlation to findings | C15: Investigate seriously ONCE, then STOP re-investigating | D15: Repeated imaging and specialist referral in sensitised pain is iatrogenic and worsens outcomes
A17: SCREENING RULES
A18: • ASK THE CAUDA EQUINA QUESTIONS OF EVERY PATIENT AND GIVE WRITTEN SAFETY-NETTING ADVICE REGARDLESS OF THE ANSWERS. Document both. This is a standard of care, not a precaution.
A19: • DO NOT WAIT FOR URINARY RETENTION — by the time retention is established, the damage frequently is too. Altered saddle sensation and altered urinary stream come first.
A20: • PAIN THAT IS NOT REPRODUCIBLE ON ANY MOVEMENT TEST is the single most useful screening observation for visceral and systemic causes.
A21: • PALPATE THE ABDOMEN in older adults with non-mechanical back pain. It takes seconds and it is routinely skipped.
A22: • IN THE ANKYLOSED SPINE, ANY PAIN AFTER MINOR TRAUMA IS A FRACTURE UNTIL CT PROVES OTHERWISE.
A23: • IN CHILDREN, THE INVESTIGATION THRESHOLD IS LOWER THAN IN ADULTS — persistent back pain in a child is not normal.

Sheet Case-Based Learning
A1: CASE-BASED LEARNING
A2: Five worked cases integrating reasoning from presentation to plan.
A3: Case | B3: Presentation | C3: Reasoning | D3: Plan
A4: Case 1 - The warehouse worker with a 'slipped disc' | B4: 38-year-old warehouse worker, six weeks of back-dominant pain after lifting. An MRI arranged privately shows 'multi-level degenerative disc disease and a disc bulge at L4-5'. He has stopped lifting entirely, is off work, and believes his spine is crumbling. Neurological examination is normal, SLR negative, and STarT Back is high risk. | C4: THIS IS NON-SPECIFIC LOW BACK PAIN WITH A HIGH-RISK PSYCHOSOCIAL PROFILE, and the imaging report has become the main clinical problem. Disc degeneration and bulges are present in the majority of asymptomatic 38-year-olds. The fear, the work absence and the belief about crumbling are now driving the disability more than the tissue is. | D4: The primary intervention is the conversation. Reframe the imaging explicitly - degenerative change is normal ageing and was almost certainly present before the pain. Then psychologically-informed physiotherapy for his high STarT Back risk: graded exposure to bending and lifting, progressive trunk and hip strengthening, aerobic exercise, and an EARLY GRADED RETURN TO MODIFIED WORK. Prolonged absence is itself a risk factor. Avoid further imaging and avoid opioids.
A5: Case 2 - The question that has to be asked | B5: 45-year-old with four days of severe back and bilateral leg pain after a lifting incident. She mentions in passing that she has had to strain to pass urine since yesterday and that the toilet paper feels different when she wipes. | C5: SADDLE SENSORY CHANGE AND ALTERED URINARY FUNCTION WITH BILATERAL LEG SYMPTOMS IS CAUDA EQUINA SYNDROME UNTIL PROVEN OTHERWISE. The altered wiping sensation is saddle anaesthesia and is frequently the earliest reportable symptom. Waiting for frank retention means waiting until damage is established. | D5: SAME-DAY EMERGENCY REFERRAL. Do not arrange a routine MRI, do not review in a week, do not treat. Document the history and examination including perianal sensation, arrange a post-void bladder scan if available, and communicate directly with the emergency or spinal team rather than relying on a letter. This is the presentation that must never be missed, and the only reason it was caught is that the symptom was asked about and taken seriously.
A6: Case 3 - The runner with 'SIJ pain' | B6: 29-year-old marathon runner, eight weeks of deep buttock pain that began after increasing from 40 to 70 km per week. Pain with every step. She has been treated for SIJ dysfunction with repeated manipulation and a pelvic belt, with no change. Laslett tests are positive, but so is single-leg hop, and there is focal sacral tenderness. Periods stopped 14 months ago. | C6: THIS IS A SACRAL STRESS FRACTURE, not SIJ dysfunction. The load spike, the pain with every step, the focal sacral tenderness and the positive hop test all point away from a mechanical SIJ problem. Laslett tests can be positive in sacral bone stress and have misled the picture. The 14 months of amenorrhoea is the finding that matters most. | D6: MRI, not more manipulation. Then relative rest from impact until pain-free walking, with non-impact conditioning. But the local injury is a systemic problem in disguise - the amenorrhoea points to LOW ENERGY AVAILABILITY and RED-S, so refer for bone health, nutrition and endocrine assessment. Without that, she will return to running and fracture again.
A7: Case 4 - The young fast bowler | B7: 15-year-old cricket fast bowler, ten weeks of low back pain, worse bowling and when arching backwards. He plays for school and two clubs, bowling year-round with no off-season. Single-leg hyperextension reproduces his pain on the left. He has been told it is muscular and to stretch his hamstrings. | C7: A SKELETALLY IMMATURE FAST BOWLER WITH TEN WEEKS OF EXTENSION-RELATED BACK PAIN HAS SPONDYLOLYSIS UNTIL MRI PROVES OTHERWISE. Paediatric back pain warrants a lower investigation threshold than adult back pain, and 'it's muscular, keep stretching' is how an early stress reaction that could have healed becomes an established defect that will not. | D7: MRI - it detects early stress reaction before a defect forms and avoids radiation. Then relative rest from extension loading for 6-12 weeks with non-provocative conditioning maintained. Progressive trunk and hip strengthening in neutral, restore hip extension and thoracic rotation so the lumbar spine supplies less of both. Then graded return. But the actual intervention is the conversation with the coaches and parents about bowling volume, three teams and no off-season - the load error here is organisational, not technical.
A8: Case 5 - The older woman who suddenly could not stand up | B8: 76-year-old, sudden severe mid-lumbar pain three days ago while reaching into a low cupboard. Pain is severe on weight bearing, much better lying flat. Focal midline tenderness at L1. She has been on inhaled and intermittent oral corticosteroids for COPD for years and has lost 4 cm in height. | C8: OSTEOPOROTIC VERTEBRAL COMPRESSION FRACTURE from a trivial mechanism. The corticosteroid history, the height loss and the focal midline tenderness with weight-bearing pain make this straightforward. The fracture is the symptom; OSTEOPOROSIS IS THE DISEASE. | D8: Imaging to confirm and to date the fracture (MRI distinguishes acute from old). Analgesia sufficient to allow EARLY MOBILISATION - prolonged bed rest accelerates bone and muscle loss in exactly the population that can least afford it. Then progressive postural and trunk EXTENSOR strengthening, balance and falls prevention, and teach a hip hinge and log roll to avoid loaded spinal flexion. And the action that matters most for her future: REFER FOR BONE HEALTH ASSESSMENT AND OSTEOPOROSIS TREATMENT. A first vertebral fracture markedly raises the risk of the next, and this referral is missed more often than it is made.
A10: WHAT THE CASES TEACH
A11: • ASK THE CAUDA EQUINA QUESTIONS OF EVERY PATIENT AND SAFETY-NET IN WRITING — it takes thirty seconds and it is the miss that ends careers and ruins lives
A12: • THE IMAGING CONVERSATION IS A CLINICAL INTERVENTION — 'wear and tear' and 'crumbling' create disability, and reframing them is treatment, not reassurance
A13: • BACK-DOMINANT VERSUS LEG-DOMINANT directs the entire pathway — establish it in the first few minutes
A14: • A LOAD SPIKE PLUS PAIN WITH EVERY STEP PLUS FOCAL BONE TENDERNESS IS BONE STRESS until imaging says otherwise — and in athletes, screen energy availability
A15: • PAEDIATRIC BACK PAIN HAS A LOWER INVESTIGATION THRESHOLD THAN ADULT BACK PAIN — persistent extension pain in a young athlete needs MRI, not stretching advice
A16: • A FRAGILITY FRACTURE WITHOUT A BONE HEALTH REFERRAL IS AN INCOMPLETE EPISODE OF CARE — this is the most routinely missed action in the region
A17: • PAIN THAT IS NOT REPRODUCIBLE ON ANY MOVEMENT TEST IS A REFERRAL, NOT A REHABILITATION PROBLEM
A18: • RISK-STRATIFY EARLY — matching treatment intensity to STarT Back risk improves outcomes more than choosing the 'right' exercise
A19: • WHAT YOU DON'T DO MATTERS — no routine imaging, no bed rest, no opioids, no endless passive treatment

Sheet References
A1: KEY REFERENCES & FURTHER READING
A2: Guidelines evolve — verify currency for high-stakes decisions and apply within your scope of practice.
A4: 1 | B4: National Institute for Health and Care Excellence. Low back pain and sciatica in over 16s: assessment and management. NICE guideline NG59. 2016 (updated 2020)
A5: 2 | B5: Foster NE, Anema JR, Cherkin D, et al. Prevention and treatment of low back pain: evidence, challenges, and promising directions. Lancet. 2018;391(10137):2368-2383
A6: 3 | B6: Hartvigsen J, Hancock MJ, Kongsted A, et al. What low back pain is and why we need to pay attention. Lancet. 2018;391(10137):2356-2367
A7: 4 | B7: Hill JC, Whitehurst DGT, Lewis M, et al. Comparison of stratified primary care management for low back pain with current best practice (STarT Back): a randomised controlled trial. Lancet. 2011;378(9802):1560-1571
A8: 5 | B8: Laslett M, Aprill CN, McDonald B, Young SB. Diagnosis of sacroiliac joint pain: validity of individual provocation tests and composites of tests. Man Ther. 2005;10(3):207-218
A9: 6 | B9: Brinjikji W, Luetmer PH, Comstock B, et al. Systematic literature review of imaging features of spinal degeneration in asymptomatic populations. AJNR. 2015;36(4):811-816
A10: 7 | B10: Todd NV, Dickson RA. Standards of care in cauda equina syndrome. Br J Neurosurg. 2016;30(5):518-522
A11: 8 | B11: Hicks GE, Fritz JM, Delitto A, McGill SM. Preliminary development of a clinical prediction rule for determining which patients with low back pain will respond to a stabilization exercise program. Arch Phys Med Rehabil. 2005;86(9):1753-1762
A12: 9 | B12: Vleeming A, Albert HB, Ostgaard HC, et al. European guidelines for the diagnosis and treatment of pelvic girdle pain. Eur Spine J. 2008;17(6):794-819
A13: 10 | B13: Sieper J, Rudwaleit M, Baraliakos X, et al. The Assessment of SpondyloArthritis international Society (ASAS) handbook. Ann Rheum Dis. 2009;68(Suppl 2):ii1-44
A14: 11 | B14: Weinstein JN, Tosteson TD, Lurie JD, et al. Surgical versus nonsurgical therapy for lumbar spinal stenosis (SPORT). N Engl J Med. 2008;358(8):794-810
A15: 12 | B15: Buchbinder R, Osborne RH, Ebeling PR, et al. A randomized trial of vertebroplasty for painful osteoporotic vertebral fractures. N Engl J Med. 2009;361(6):557-568
... A20: 17 | B20: Selhorst M, Fischer A, MacDonald J. Prevalence of spondylolysis in symptomatic adolescent athletes: an assessment of sport risk in nonelite athletes. Clin J Sport Med. 2019
A22: NOTES
A23: • This workbook is a companion to the Knee, Bone Stress, Shoulder, Hip, Elbow, Foot and Ankle, Forearm and Wrist, and Cervical Spine modules, and follows the same structure and conventions.
A24: • It is an educational and clinical-reasoning companion. It does not replace individualised assessment, local protocols, or the operating surgeon's protocol.
A25: • Areas of active debate worth tracking: the role of fusion in degenerative spondylolisthesis, vertebral augmentation for osteoporotic fracture, SIJ fusion, and the place of spinal cord stimulation in persistent spinal pain syndrome.
